band_gap,formula_pretty,is_metal,material_id,density,is_stable,energy_above_hull,fields_not_requested,unavailable_fields
2.6922902476690567,CaAlH5,False,mp-aaacczwg,1.7220285996481248,True,0.0,"['prop_origins', 'energy_per_atom', 'weighted_surface_energy', 'bulk_modulus', 'shear_modulus', 'decomposes_to', 'last_updated', 'surface_anisotropy', 'e_total', 'e_ionic', 'theoretical', 'e_ij_max', 'n', 'bandstructure', 'database_IDs', 'total_magnetization', 'warnings', 'weighted_surface_energy_EV_PER_ANG2', 'dos_energy_down', 'phonon_IDs', 'is_gap_direct', 'chemsys', 'symmetry', 'shape_factor', 'has_reconstructed', 'equilibrium_reaction_energy_per_atom', 'dos_energy_up', 'total_magnetization_normalized_formula_units', 'cbm', 'composition_reduced', 'volume', 'weighted_work_function', 'composition', 'nelements', 'dos', 'ordering', 'elements', 'nsites', 'task_ids', 'vbm', 'homogeneous_poisson', 'structure', 'efermi', 'density_atomic', 'types_of_magnetic_species', 'is_magnetic', 'possible_species', 'grain_boundaries', 'formula_anonymous', 'total_magnetization_normalized_vol', 'deprecated', 'xas', 'formation_energy_per_atom', 'deprecation_reasons', 'property_name', 'builder_meta', 'origins', 'num_unique_magnetic_sites', 'universal_anisotropy', 'has_props', 'num_magnetic_sites', 'uncorrected_energy_per_atom', 'e_electronic']",[]
2.7108999999999996,Ca(H2N)2,False,mp-aaabkrdb,1.7698638751622893,True,0.0,"['prop_origins', 'energy_per_atom', 'weighted_surface_energy', 'bulk_modulus', 'shear_modulus', 'decomposes_to', 'last_updated', 'surface_anisotropy', 'e_total', 'e_ionic', 'theoretical', 'e_ij_max', 'n', 'bandstructure', 'database_IDs', 'total_magnetization', 'warnings', 'weighted_surface_energy_EV_PER_ANG2', 'dos_energy_down', 'phonon_IDs', 'is_gap_direct', 'chemsys', 'symmetry', 'shape_factor', 'has_reconstructed', 'equilibrium_reaction_energy_per_atom', 'dos_energy_up', 'total_magnetization_normalized_formula_units', 'cbm', 'composition_reduced', 'volume', 'weighted_work_function', 'composition', 'nelements', 'dos', 'ordering', 'elements', 'nsites', 'task_ids', 'vbm', 'homogeneous_poisson', 'structure', 'efermi', 'density_atomic', 'types_of_magnetic_species', 'is_magnetic', 'possible_species', 'grain_boundaries', 'formula_anonymous', 'total_magnetization_normalized_vol', 'deprecated', 'xas', 'formation_energy_per_atom', 'deprecation_reasons', 'property_name', 'builder_meta', 'origins', 'num_unique_magnetic_sites', 'universal_anisotropy', 'has_props', 'num_magnetic_sites', 'uncorrected_energy_per_atom', 'e_electronic']",[]
2.5564,BS2,False,mp-aaabetuy,1.8413496941358152,True,0.0,"['prop_origins', 'energy_per_atom', 'weighted_surface_energy', 'bulk_modulus', 'shear_modulus', 'decomposes_to', 'last_updated', 'surface_anisotropy', 'e_total', 'e_ionic', 'theoretical', 'e_ij_max', 'n', 'bandstructure', 'database_IDs', 'total_magnetization', 'warnings', 'weighted_surface_energy_EV_PER_ANG2', 'dos_energy_down', 'phonon_IDs', 'is_gap_direct', 'chemsys', 'symmetry', 'shape_factor', 'has_reconstructed', 'equilibrium_reaction_energy_per_atom', 'dos_energy_up', 'total_magnetization_normalized_formula_units', 'cbm', 'composition_reduced', 'volume', 'weighted_work_function', 'composition', 'nelements', 'dos', 'ordering', 'elements', 'nsites', 'task_ids', 'vbm', 'homogeneous_poisson', 'structure', 'efermi', 'density_atomic', 'types_of_magnetic_species', 'is_magnetic', 'possible_species', 'grain_boundaries', 'formula_anonymous', 'total_magnetization_normalized_vol', 'deprecated', 'xas', 'formation_energy_per_atom', 'deprecation_reasons', 'property_name', 'builder_meta', 'origins', 'num_unique_magnetic_sites', 'universal_anisotropy', 'has_props', 'num_magnetic_sites', 'uncorrected_energy_per_atom', 'e_electronic']",[]
0.8900999999999999,K2Na3SiP3,False,mp-aaabevik,1.9136004933441044,True,0.0,"['prop_origins', 'energy_per_atom', 'weighted_surface_energy', 'bulk_modulus', 'shear_modulus', 'decomposes_to', 'last_updated', 'surface_anisotropy', 'e_total', 'e_ionic', 'theoretical', 'e_ij_max', 'n', 'bandstructure', 'database_IDs', 'total_magnetization', 'warnings', 'weighted_surface_energy_EV_PER_ANG2', 'dos_energy_down', 'phonon_IDs', 'is_gap_direct', 'chemsys', 'symmetry', 'shape_factor', 'has_reconstructed', 'equilibrium_reaction_energy_per_atom', 'dos_energy_up', 'total_magnetization_normalized_formula_units', 'cbm', 'composition_reduced', 'volume', 'weighted_work_function', 'composition', 'nelements', 'dos', 'ordering', 'elements', 'nsites', 'task_ids', 'vbm', 'homogeneous_poisson', 'structure', 'efermi', 'density_atomic', 'types_of_magnetic_species', 'is_magnetic', 'possible_species', 'grain_boundaries', 'formula_anonymous', 'total_magnetization_normalized_vol', 'deprecated', 'xas', 'formation_energy_per_atom', 'deprecation_reasons', 'property_name', 'builder_meta', 'origins', 'num_unique_magnetic_sites', 'universal_anisotropy', 'has_props', 'num_magnetic_sites', 'uncorrected_energy_per_atom', 'e_electronic']",[]
2.554,P2S5,False,mp-aaabevma,1.9214385645646215,True,0.0,"['prop_origins', 'energy_per_atom', 'weighted_surface_energy', 'bulk_modulus', 'shear_modulus', 'decomposes_to', 'last_updated', 'surface_anisotropy', 'e_total', 'e_ionic', 'theoretical', 'e_ij_max', 'n', 'bandstructure', 'database_IDs', 'total_magnetization', 'warnings', 'weighted_surface_energy_EV_PER_ANG2', 'dos_energy_down', 'phonon_IDs', 'is_gap_direct', 'chemsys', 'symmetry', 'shape_factor', 'has_reconstructed', 'equilibrium_reaction_energy_per_atom', 'dos_energy_up', 'total_magnetization_normalized_formula_units', 'cbm', 'composition_reduced', 'volume', 'weighted_work_function', 'composition', 'nelements', 'dos', 'ordering', 'elements', 'nsites', 'task_ids', 'vbm', 'homogeneous_poisson', 'structure', 'efermi', 'density_atomic', 'types_of_magnetic_species', 'is_magnetic', 'possible_species', 'grain_boundaries', 'formula_anonymous', 'total_magnetization_normalized_vol', 'deprecated', 'xas', 'formation_energy_per_atom', 'deprecation_reasons', 'property_name', 'builder_meta', 'origins', 'num_unique_magnetic_sites', 'universal_anisotropy', 'has_props', 'num_magnetic_sites', 'uncorrected_energy_per_atom', 'e_electronic']",[]
0.6989999999999998,K3AlP2,False,mp-aaabevia,1.9365460335118148,True,0.0,"['prop_origins', 'energy_per_atom', 'weighted_surface_energy', 'bulk_modulus', 'shear_modulus', 'decomposes_to', 'last_updated', 'surface_anisotropy', 'e_total', 'e_ionic', 'theoretical', 'e_ij_max', 'n', 'bandstructure', 'database_IDs', 'total_magnetization', 'warnings', 'weighted_surface_energy_EV_PER_ANG2', 'dos_energy_down', 'phonon_IDs', 'is_gap_direct', 'chemsys', 'symmetry', 'shape_factor', 'has_reconstructed', 'equilibrium_reaction_energy_per_atom', 'dos_energy_up', 'total_magnetization_normalized_formula_units', 'cbm', 'composition_reduced', 'volume', 'weighted_work_function', 'composition', 'nelements', 'dos', 'ordering', 'elements', 'nsites', 'task_ids', 'vbm', 'homogeneous_poisson', 'structure', 'efermi', 'density_atomic', 'types_of_magnetic_species', 'is_magnetic', 'possible_species', 'grain_boundaries', 'formula_anonymous', 'total_magnetization_normalized_vol', 'deprecated', 'xas', 'formation_energy_per_atom', 'deprecation_reasons', 'property_name', 'builder_meta', 'origins', 'num_unique_magnetic_sites', 'universal_anisotropy', 'has_props', 'num_magnetic_sites', 'uncorrected_energy_per_atom', 'e_electronic']",[]
2.4109000000000003,K2Sn(H2N)6,False,mp-aaabkptb,1.9582868315235664,True,0.0,"['prop_origins', 'energy_per_atom', 'weighted_surface_energy', 'bulk_modulus', 'shear_modulus', 'decomposes_to', 'last_updated', 'surface_anisotropy', 'e_total', 'e_ionic', 'theoretical', 'e_ij_max', 'n', 'bandstructure', 'database_IDs', 'total_magnetization', 'warnings', 'weighted_surface_energy_EV_PER_ANG2', 'dos_energy_down', 'phonon_IDs', 'is_gap_direct', 'chemsys', 'symmetry', 'shape_factor', 'has_reconstructed', 'equilibrium_reaction_energy_per_atom', 'dos_energy_up', 'total_magnetization_normalized_formula_units', 'cbm', 'composition_reduced', 'volume', 'weighted_work_function', 'composition', 'nelements', 'dos', 'ordering', 'elements', 'nsites', 'task_ids', 'vbm', 'homogeneous_poisson', 'structure', 'efermi', 'density_atomic', 'types_of_magnetic_species', 'is_magnetic', 'possible_species', 'grain_boundaries', 'formula_anonymous', 'total_magnetization_normalized_vol', 'deprecated', 'xas', 'formation_energy_per_atom', 'deprecation_reasons', 'property_name', 'builder_meta', 'origins', 'num_unique_magnetic_sites', 'universal_anisotropy', 'has_props', 'num_magnetic_sites', 'uncorrected_energy_per_atom', 'e_electronic']",[]
2.8872754990580787,K2PS3,False,mp-aaacqkqj,1.9660855707777913,True,0.0,"['prop_origins', 'energy_per_atom', 'weighted_surface_energy', 'bulk_modulus', 'shear_modulus', 'decomposes_to', 'last_updated', 'surface_anisotropy', 'e_total', 'e_ionic', 'theoretical', 'e_ij_max', 'n', 'bandstructure', 'database_IDs', 'total_magnetization', 'warnings', 'weighted_surface_energy_EV_PER_ANG2', 'dos_energy_down', 'phonon_IDs', 'is_gap_direct', 'chemsys', 'symmetry', 'shape_factor', 'has_reconstructed', 'equilibrium_reaction_energy_per_atom', 'dos_energy_up', 'total_magnetization_normalized_formula_units', 'cbm', 'composition_reduced', 'volume', 'weighted_work_function', 'composition', 'nelements', 'dos', 'ordering', 'elements', 'nsites', 'task_ids', 'vbm', 'homogeneous_poisson', 'structure', 'efermi', 'density_atomic', 'types_of_magnetic_species', 'is_magnetic', 'possible_species', 'grain_boundaries', 'formula_anonymous', 'total_magnetization_normalized_vol', 'deprecated', 'xas', 'formation_energy_per_atom', 'deprecation_reasons', 'property_name', 'builder_meta', 'origins', 'num_unique_magnetic_sites', 'universal_anisotropy', 'has_props', 'num_magnetic_sites', 'uncorrected_energy_per_atom', 'e_electronic']",[]
1.4417,FePCl8,False,mp-aaabetym,2.0843342097248874,True,0.0,"['prop_origins', 'energy_per_atom', 'weighted_surface_energy', 'bulk_modulus', 'shear_modulus', 'decomposes_to', 'last_updated', 'surface_anisotropy', 'e_total', 'e_ionic', 'theoretical', 'e_ij_max', 'n', 'bandstructure', 'database_IDs', 'total_magnetization', 'warnings', 'weighted_surface_energy_EV_PER_ANG2', 'dos_energy_down', 'phonon_IDs', 'is_gap_direct', 'chemsys', 'symmetry', 'shape_factor', 'has_reconstructed', 'equilibrium_reaction_energy_per_atom', 'dos_energy_up', 'total_magnetization_normalized_formula_units', 'cbm', 'composition_reduced', 'volume', 'weighted_work_function', 'composition', 'nelements', 'dos', 'ordering', 'elements', 'nsites', 'task_ids', 'vbm', 'homogeneous_poisson', 'structure', 'efermi', 'density_atomic', 'types_of_magnetic_species', 'is_magnetic', 'possible_species', 'grain_boundaries', 'formula_anonymous', 'total_magnetization_normalized_vol', 'deprecated', 'xas', 'formation_energy_per_atom', 'deprecation_reasons', 'property_name', 'builder_meta', 'origins', 'num_unique_magnetic_sites', 'universal_anisotropy', 'has_props', 'num_magnetic_sites', 'uncorrected_energy_per_atom', 'e_electronic']",[]
2.1241,OF2,False,mp-aaackidz,2.1962881563276344,True,0.0,"['prop_origins', 'energy_per_atom', 'weighted_surface_energy', 'bulk_modulus', 'shear_modulus', 'decomposes_to', 'last_updated', 'surface_anisotropy', 'e_total', 'e_ionic', 'theoretical', 'e_ij_max', 'n', 'bandstructure', 'database_IDs', 'total_magnetization', 'warnings', 'weighted_surface_energy_EV_PER_ANG2', 'dos_energy_down', 'phonon_IDs', 'is_gap_direct', 'chemsys', 'symmetry', 'shape_factor', 'has_reconstructed', 'equilibrium_reaction_energy_per_atom', 'dos_energy_up', 'total_magnetization_normalized_formula_units', 'cbm', 'composition_reduced', 'volume', 'weighted_work_function', 'composition', 'nelements', 'dos', 'ordering', 'elements', 'nsites', 'task_ids', 'vbm', 'homogeneous_poisson', 'structure', 'efermi', 'density_atomic', 'types_of_magnetic_species', 'is_magnetic', 'possible_species', 'grain_boundaries', 'formula_anonymous', 'total_magnetization_normalized_vol', 'deprecated', 'xas', 'formation_energy_per_atom', 'deprecation_reasons', 'property_name', 'builder_meta', 'origins', 'num_unique_magnetic_sites', 'universal_anisotropy', 'has_props', 'num_magnetic_sites', 'uncorrected_energy_per_atom', 'e_electronic']",[]
0.34319999999999995,Al2CoCl8,False,mp-aaabetyl,2.240466252954762,True,0.0,"['prop_origins', 'energy_per_atom', 'weighted_surface_energy', 'bulk_modulus', 'shear_modulus', 'decomposes_to', 'last_updated', 'surface_anisotropy', 'e_total', 'e_ionic', 'theoretical', 'e_ij_max', 'n', 'bandstructure', 'database_IDs', 'total_magnetization', 'warnings', 'weighted_surface_energy_EV_PER_ANG2', 'dos_energy_down', 'phonon_IDs', 'is_gap_direct', 'chemsys', 'symmetry', 'shape_factor', 'has_reconstructed', 'equilibrium_reaction_energy_per_atom', 'dos_energy_up', 'total_magnetization_normalized_formula_units', 'cbm', 'composition_reduced', 'volume', 'weighted_work_function', 'composition', 'nelements', 'dos', 'ordering', 'elements', 'nsites', 'task_ids', 'vbm', 'homogeneous_poisson', 'structure', 'efermi', 'density_atomic', 'types_of_magnetic_species', 'is_magnetic', 'possible_species', 'grain_boundaries', 'formula_anonymous', 'total_magnetization_normalized_vol', 'deprecated', 'xas', 'formation_energy_per_atom', 'deprecation_reasons', 'property_name', 'builder_meta', 'origins', 'num_unique_magnetic_sites', 'universal_anisotropy', 'has_props', 'num_magnetic_sites', 'uncorrected_energy_per_atom', 'e_electronic']",[]
0.8119000000000001,FeCl3,False,mp-aaachrwm,2.271085888606323,True,0.0,"['prop_origins', 'energy_per_atom', 'weighted_surface_energy', 'bulk_modulus', 'shear_modulus', 'decomposes_to', 'last_updated', 'surface_anisotropy', 'e_total', 'e_ionic', 'theoretical', 'e_ij_max', 'n', 'bandstructure', 'database_IDs', 'total_magnetization', 'warnings', 'weighted_surface_energy_EV_PER_ANG2', 'dos_energy_down', 'phonon_IDs', 'is_gap_direct', 'chemsys', 'symmetry', 'shape_factor', 'has_reconstructed', 'equilibrium_reaction_energy_per_atom', 'dos_energy_up', 'total_magnetization_normalized_formula_units', 'cbm', 'composition_reduced', 'volume', 'weighted_work_function', 'composition', 'nelements', 'dos', 'ordering', 'elements', 'nsites', 'task_ids', 'vbm', 'homogeneous_poisson', 'structure', 'efermi', 'density_atomic', 'types_of_magnetic_species', 'is_magnetic', 'possible_species', 'grain_boundaries', 'formula_anonymous', 'total_magnetization_normalized_vol', 'deprecated', 'xas', 'formation_energy_per_atom', 'deprecation_reasons', 'property_name', 'builder_meta', 'origins', 'num_unique_magnetic_sites', 'universal_anisotropy', 'has_props', 'num_magnetic_sites', 'uncorrected_energy_per_atom', 'e_electronic']",[]
1.4050011037264358,S3(NO7)2,False,mp-aaabetzy,2.2822067840028635,True,0.0,"['prop_origins', 'energy_per_atom', 'weighted_surface_energy', 'bulk_modulus', 'shear_modulus', 'decomposes_to', 'last_updated', 'surface_anisotropy', 'e_total', 'e_ionic', 'theoretical', 'e_ij_max', 'n', 'bandstructure', 'database_IDs', 'total_magnetization', 'warnings', 'weighted_surface_energy_EV_PER_ANG2', 'dos_energy_down', 'phonon_IDs', 'is_gap_direct', 'chemsys', 'symmetry', 'shape_factor', 'has_reconstructed', 'equilibrium_reaction_energy_per_atom', 'dos_energy_up', 'total_magnetization_normalized_formula_units', 'cbm', 'composition_reduced', 'volume', 'weighted_work_function', 'composition', 'nelements', 'dos', 'ordering', 'elements', 'nsites', 'task_ids', 'vbm', 'homogeneous_poisson', 'structure', 'efermi', 'density_atomic', 'types_of_magnetic_species', 'is_magnetic', 'possible_species', 'grain_boundaries', 'formula_anonymous', 'total_magnetization_normalized_vol', 'deprecated', 'xas', 'formation_energy_per_atom', 'deprecation_reasons', 'property_name', 'builder_meta', 'origins', 'num_unique_magnetic_sites', 'universal_anisotropy', 'has_props', 'num_magnetic_sites', 'uncorrected_energy_per_atom', 'e_electronic']",[]
0.8790999999999999,K2FeH8(SO6)2,False,mp-aaabevzu,2.2873849565947806,True,0.0,"['prop_origins', 'energy_per_atom', 'weighted_surface_energy', 'bulk_modulus', 'shear_modulus', 'decomposes_to', 'last_updated', 'surface_anisotropy', 'e_total', 'e_ionic', 'theoretical', 'e_ij_max', 'n', 'bandstructure', 'database_IDs', 'total_magnetization', 'warnings', 'weighted_surface_energy_EV_PER_ANG2', 'dos_energy_down', 'phonon_IDs', 'is_gap_direct', 'chemsys', 'symmetry', 'shape_factor', 'has_reconstructed', 'equilibrium_reaction_energy_per_atom', 'dos_energy_up', 'total_magnetization_normalized_formula_units', 'cbm', 'composition_reduced', 'volume', 'weighted_work_function', 'composition', 'nelements', 'dos', 'ordering', 'elements', 'nsites', 'task_ids', 'vbm', 'homogeneous_poisson', 'structure', 'efermi', 'density_atomic', 'types_of_magnetic_species', 'is_magnetic', 'possible_species', 'grain_boundaries', 'formula_anonymous', 'total_magnetization_normalized_vol', 'deprecated', 'xas', 'formation_energy_per_atom', 'deprecation_reasons', 'property_name', 'builder_meta', 'origins', 'num_unique_magnetic_sites', 'universal_anisotropy', 'has_props', 'num_magnetic_sites', 'uncorrected_energy_per_atom', 'e_electronic']",[]
0.09240192509025169,KF3,False,mp-aaabxjyc,2.3032139376975054,True,0.0,"['prop_origins', 'energy_per_atom', 'weighted_surface_energy', 'bulk_modulus', 'shear_modulus', 'decomposes_to', 'last_updated', 'surface_anisotropy', 'e_total', 'e_ionic', 'theoretical', 'e_ij_max', 'n', 'bandstructure', 'database_IDs', 'total_magnetization', 'warnings', 'weighted_surface_energy_EV_PER_ANG2', 'dos_energy_down', 'phonon_IDs', 'is_gap_direct', 'chemsys', 'symmetry', 'shape_factor', 'has_reconstructed', 'equilibrium_reaction_energy_per_atom', 'dos_energy_up', 'total_magnetization_normalized_formula_units', 'cbm', 'composition_reduced', 'volume', 'weighted_work_function', 'composition', 'nelements', 'dos', 'ordering', 'elements', 'nsites', 'task_ids', 'vbm', 'homogeneous_poisson', 'structure', 'efermi', 'density_atomic', 'types_of_magnetic_species', 'is_magnetic', 'possible_species', 'grain_boundaries', 'formula_anonymous', 'total_magnetization_normalized_vol', 'deprecated', 'xas', 'formation_energy_per_atom', 'deprecation_reasons', 'property_name', 'builder_meta', 'origins', 'num_unique_magnetic_sites', 'universal_anisotropy', 'has_props', 'num_magnetic_sites', 'uncorrected_energy_per_atom', 'e_electronic']",[]
2.7108,LiB13C2,False,mp-aaabkhxe,2.304013100842023,True,0.0,"['prop_origins', 'energy_per_atom', 'weighted_surface_energy', 'bulk_modulus', 'shear_modulus', 'decomposes_to', 'last_updated', 'surface_anisotropy', 'e_total', 'e_ionic', 'theoretical', 'e_ij_max', 'n', 'bandstructure', 'database_IDs', 'total_magnetization', 'warnings', 'weighted_surface_energy_EV_PER_ANG2', 'dos_energy_down', 'phonon_IDs', 'is_gap_direct', 'chemsys', 'symmetry', 'shape_factor', 'has_reconstructed', 'equilibrium_reaction_energy_per_atom', 'dos_energy_up', 'total_magnetization_normalized_formula_units', 'cbm', 'composition_reduced', 'volume', 'weighted_work_function', 'composition', 'nelements', 'dos', 'ordering', 'elements', 'nsites', 'task_ids', 'vbm', 'homogeneous_poisson', 'structure', 'efermi', 'density_atomic', 'types_of_magnetic_species', 'is_magnetic', 'possible_species', 'grain_boundaries', 'formula_anonymous', 'total_magnetization_normalized_vol', 'deprecated', 'xas', 'formation_energy_per_atom', 'deprecation_reasons', 'property_name', 'builder_meta', 'origins', 'num_unique_magnetic_sites', 'universal_anisotropy', 'has_props', 'num_magnetic_sites', 'uncorrected_energy_per_atom', 'e_electronic']",[]
1.6762000000000006,LiSiB6,False,mp-aaacdjyd,2.3555393810605008,True,0.0,"['prop_origins', 'energy_per_atom', 'weighted_surface_energy', 'bulk_modulus', 'shear_modulus', 'decomposes_to', 'last_updated', 'surface_anisotropy', 'e_total', 'e_ionic', 'theoretical', 'e_ij_max', 'n', 'bandstructure', 'database_IDs', 'total_magnetization', 'warnings', 'weighted_surface_energy_EV_PER_ANG2', 'dos_energy_down', 'phonon_IDs', 'is_gap_direct', 'chemsys', 'symmetry', 'shape_factor', 'has_reconstructed', 'equilibrium_reaction_energy_per_atom', 'dos_energy_up', 'total_magnetization_normalized_formula_units', 'cbm', 'composition_reduced', 'volume', 'weighted_work_function', 'composition', 'nelements', 'dos', 'ordering', 'elements', 'nsites', 'task_ids', 'vbm', 'homogeneous_poisson', 'structure', 'efermi', 'density_atomic', 'types_of_magnetic_species', 'is_magnetic', 'possible_species', 'grain_boundaries', 'formula_anonymous', 'total_magnetization_normalized_vol', 'deprecated', 'xas', 'formation_energy_per_atom', 'deprecation_reasons', 'property_name', 'builder_meta', 'origins', 'num_unique_magnetic_sites', 'universal_anisotropy', 'has_props', 'num_magnetic_sites', 'uncorrected_energy_per_atom', 'e_electronic']",[]
1.6630999999999996,Mg3MnH7,False,mp-aaabkqav,2.35600714879588,True,0.0,"['prop_origins', 'energy_per_atom', 'weighted_surface_energy', 'bulk_modulus', 'shear_modulus', 'decomposes_to', 'last_updated', 'surface_anisotropy', 'e_total', 'e_ionic', 'theoretical', 'e_ij_max', 'n', 'bandstructure', 'database_IDs', 'total_magnetization', 'warnings', 'weighted_surface_energy_EV_PER_ANG2', 'dos_energy_down', 'phonon_IDs', 'is_gap_direct', 'chemsys', 'symmetry', 'shape_factor', 'has_reconstructed', 'equilibrium_reaction_energy_per_atom', 'dos_energy_up', 'total_magnetization_normalized_formula_units', 'cbm', 'composition_reduced', 'volume', 'weighted_work_function', 'composition', 'nelements', 'dos', 'ordering', 'elements', 'nsites', 'task_ids', 'vbm', 'homogeneous_poisson', 'structure', 'efermi', 'density_atomic', 'types_of_magnetic_species', 'is_magnetic', 'possible_species', 'grain_boundaries', 'formula_anonymous', 'total_magnetization_normalized_vol', 'deprecated', 'xas', 'formation_energy_per_atom', 'deprecation_reasons', 'property_name', 'builder_meta', 'origins', 'num_unique_magnetic_sites', 'universal_anisotropy', 'has_props', 'num_magnetic_sites', 'uncorrected_energy_per_atom', 'e_electronic']",[]
1.372,CsTi(PS4)2,False,mp-aaabkted,2.386444935805151,True,0.0,"['prop_origins', 'energy_per_atom', 'weighted_surface_energy', 'bulk_modulus', 'shear_modulus', 'decomposes_to', 'last_updated', 'surface_anisotropy', 'e_total', 'e_ionic', 'theoretical', 'e_ij_max', 'n', 'bandstructure', 'database_IDs', 'total_magnetization', 'warnings', 'weighted_surface_energy_EV_PER_ANG2', 'dos_energy_down', 'phonon_IDs', 'is_gap_direct', 'chemsys', 'symmetry', 'shape_factor', 'has_reconstructed', 'equilibrium_reaction_energy_per_atom', 'dos_energy_up', 'total_magnetization_normalized_formula_units', 'cbm', 'composition_reduced', 'volume', 'weighted_work_function', 'composition', 'nelements', 'dos', 'ordering', 'elements', 'nsites', 'task_ids', 'vbm', 'homogeneous_poisson', 'structure', 'efermi', 'density_atomic', 'types_of_magnetic_species', 'is_magnetic', 'possible_species', 'grain_boundaries', 'formula_anonymous', 'total_magnetization_normalized_vol', 'deprecated', 'xas', 'formation_energy_per_atom', 'deprecation_reasons', 'property_name', 'builder_meta', 'origins', 'num_unique_magnetic_sites', 'universal_anisotropy', 'has_props', 'num_magnetic_sites', 'uncorrected_energy_per_atom', 'e_electronic']",[]
2.388,Li4H6Ru,False,mp-aaabkoyx,2.4047919376250997,True,0.0,"['prop_origins', 'energy_per_atom', 'weighted_surface_energy', 'bulk_modulus', 'shear_modulus', 'decomposes_to', 'last_updated', 'surface_anisotropy', 'e_total', 'e_ionic', 'theoretical', 'e_ij_max', 'n', 'bandstructure', 'database_IDs', 'total_magnetization', 'warnings', 'weighted_surface_energy_EV_PER_ANG2', 'dos_energy_down', 'phonon_IDs', 'is_gap_direct', 'chemsys', 'symmetry', 'shape_factor', 'has_reconstructed', 'equilibrium_reaction_energy_per_atom', 'dos_energy_up', 'total_magnetization_normalized_formula_units', 'cbm', 'composition_reduced', 'volume', 'weighted_work_function', 'composition', 'nelements', 'dos', 'ordering', 'elements', 'nsites', 'task_ids', 'vbm', 'homogeneous_poisson', 'structure', 'efermi', 'density_atomic', 'types_of_magnetic_species', 'is_magnetic', 'possible_species', 'grain_boundaries', 'formula_anonymous', 'total_magnetization_normalized_vol', 'deprecated', 'xas', 'formation_energy_per_atom', 'deprecation_reasons', 'property_name', 'builder_meta', 'origins', 'num_unique_magnetic_sites', 'universal_anisotropy', 'has_props', 'num_magnetic_sites', 'uncorrected_energy_per_atom', 'e_electronic']",[]
1.2545,GaN5O14,False,mp-aaabevsg,2.410013958634349,True,0.0,"['prop_origins', 'energy_per_atom', 'weighted_surface_energy', 'bulk_modulus', 'shear_modulus', 'decomposes_to', 'last_updated', 'surface_anisotropy', 'e_total', 'e_ionic', 'theoretical', 'e_ij_max', 'n', 'bandstructure', 'database_IDs', 'total_magnetization', 'warnings', 'weighted_surface_energy_EV_PER_ANG2', 'dos_energy_down', 'phonon_IDs', 'is_gap_direct', 'chemsys', 'symmetry', 'shape_factor', 'has_reconstructed', 'equilibrium_reaction_energy_per_atom', 'dos_energy_up', 'total_magnetization_normalized_formula_units', 'cbm', 'composition_reduced', 'volume', 'weighted_work_function', 'composition', 'nelements', 'dos', 'ordering', 'elements', 'nsites', 'task_ids', 'vbm', 'homogeneous_poisson', 'structure', 'efermi', 'density_atomic', 'types_of_magnetic_species', 'is_magnetic', 'possible_species', 'grain_boundaries', 'formula_anonymous', 'total_magnetization_normalized_vol', 'deprecated', 'xas', 'formation_energy_per_atom', 'deprecation_reasons', 'property_name', 'builder_meta', 'origins', 'num_unique_magnetic_sites', 'universal_anisotropy', 'has_props', 'num_magnetic_sites', 'uncorrected_energy_per_atom', 'e_electronic']",[]
2.7117999999999998,K3GaS3,False,mp-aaabevic,2.410034183261307,True,0.0,"['prop_origins', 'energy_per_atom', 'weighted_surface_energy', 'bulk_modulus', 'shear_modulus', 'decomposes_to', 'last_updated', 'surface_anisotropy', 'e_total', 'e_ionic', 'theoretical', 'e_ij_max', 'n', 'bandstructure', 'database_IDs', 'total_magnetization', 'warnings', 'weighted_surface_energy_EV_PER_ANG2', 'dos_energy_down', 'phonon_IDs', 'is_gap_direct', 'chemsys', 'symmetry', 'shape_factor', 'has_reconstructed', 'equilibrium_reaction_energy_per_atom', 'dos_energy_up', 'total_magnetization_normalized_formula_units', 'cbm', 'composition_reduced', 'volume', 'weighted_work_function', 'composition', 'nelements', 'dos', 'ordering', 'elements', 'nsites', 'task_ids', 'vbm', 'homogeneous_poisson', 'structure', 'efermi', 'density_atomic', 'types_of_magnetic_species', 'is_magnetic', 'possible_species', 'grain_boundaries', 'formula_anonymous', 'total_magnetization_normalized_vol', 'deprecated', 'xas', 'formation_energy_per_atom', 'deprecation_reasons', 'property_name', 'builder_meta', 'origins', 'num_unique_magnetic_sites', 'universal_anisotropy', 'has_props', 'num_magnetic_sites', 'uncorrected_energy_per_atom', 'e_electronic']",[]
1.8177999999999999,BrCl,False,mp-aaaciscb,2.419080475018047,True,0.0,"['prop_origins', 'energy_per_atom', 'weighted_surface_energy', 'bulk_modulus', 'shear_modulus', 'decomposes_to', 'last_updated', 'surface_anisotropy', 'e_total', 'e_ionic', 'theoretical', 'e_ij_max', 'n', 'bandstructure', 'database_IDs', 'total_magnetization', 'warnings', 'weighted_surface_energy_EV_PER_ANG2', 'dos_energy_down', 'phonon_IDs', 'is_gap_direct', 'chemsys', 'symmetry', 'shape_factor', 'has_reconstructed', 'equilibrium_reaction_energy_per_atom', 'dos_energy_up', 'total_magnetization_normalized_formula_units', 'cbm', 'composition_reduced', 'volume', 'weighted_work_function', 'composition', 'nelements', 'dos', 'ordering', 'elements', 'nsites', 'task_ids', 'vbm', 'homogeneous_poisson', 'structure', 'efermi', 'density_atomic', 'types_of_magnetic_species', 'is_magnetic', 'possible_species', 'grain_boundaries', 'formula_anonymous', 'total_magnetization_normalized_vol', 'deprecated', 'xas', 'formation_energy_per_atom', 'deprecation_reasons', 'property_name', 'builder_meta', 'origins', 'num_unique_magnetic_sites', 'universal_anisotropy', 'has_props', 'num_magnetic_sites', 'uncorrected_energy_per_atom', 'e_electronic']",[]
2.3539999999999996,Sr(H2N)2,False,mp-aaabkqnp,2.4400683606960216,True,0.0,"['prop_origins', 'energy_per_atom', 'weighted_surface_energy', 'bulk_modulus', 'shear_modulus', 'decomposes_to', 'last_updated', 'surface_anisotropy', 'e_total', 'e_ionic', 'theoretical', 'e_ij_max', 'n', 'bandstructure', 'database_IDs', 'total_magnetization', 'warnings', 'weighted_surface_energy_EV_PER_ANG2', 'dos_energy_down', 'phonon_IDs', 'is_gap_direct', 'chemsys', 'symmetry', 'shape_factor', 'has_reconstructed', 'equilibrium_reaction_energy_per_atom', 'dos_energy_up', 'total_magnetization_normalized_formula_units', 'cbm', 'composition_reduced', 'volume', 'weighted_work_function', 'composition', 'nelements', 'dos', 'ordering', 'elements', 'nsites', 'task_ids', 'vbm', 'homogeneous_poisson', 'structure', 'efermi', 'density_atomic', 'types_of_magnetic_species', 'is_magnetic', 'possible_species', 'grain_boundaries', 'formula_anonymous', 'total_magnetization_normalized_vol', 'deprecated', 'xas', 'formation_energy_per_atom', 'deprecation_reasons', 'property_name', 'builder_meta', 'origins', 'num_unique_magnetic_sites', 'universal_anisotropy', 'has_props', 'num_magnetic_sites', 'uncorrected_energy_per_atom', 'e_electronic']",[]
1.1896,K4Ti3S14,False,mp-aaabevjz,2.440805122719521,True,0.0,"['prop_origins', 'energy_per_atom', 'weighted_surface_energy', 'bulk_modulus', 'shear_modulus', 'decomposes_to', 'last_updated', 'surface_anisotropy', 'e_total', 'e_ionic', 'theoretical', 'e_ij_max', 'n', 'bandstructure', 'database_IDs', 'total_magnetization', 'warnings', 'weighted_surface_energy_EV_PER_ANG2', 'dos_energy_down', 'phonon_IDs', 'is_gap_direct', 'chemsys', 'symmetry', 'shape_factor', 'has_reconstructed', 'equilibrium_reaction_energy_per_atom', 'dos_energy_up', 'total_magnetization_normalized_formula_units', 'cbm', 'composition_reduced', 'volume', 'weighted_work_function', 'composition', 'nelements', 'dos', 'ordering', 'elements', 'nsites', 'task_ids', 'vbm', 'homogeneous_poisson', 'structure', 'efermi', 'density_atomic', 'types_of_magnetic_species', 'is_magnetic', 'possible_species', 'grain_boundaries', 'formula_anonymous', 'total_magnetization_normalized_vol', 'deprecated', 'xas', 'formation_energy_per_atom', 'deprecation_reasons', 'property_name', 'builder_meta', 'origins', 'num_unique_magnetic_sites', 'universal_anisotropy', 'has_props', 'num_magnetic_sites', 'uncorrected_energy_per_atom', 'e_electronic']",[]
1.7973000000000001,TePCl9,False,mp-aaabkrxb,2.4536561372044225,True,0.0,"['prop_origins', 'energy_per_atom', 'weighted_surface_energy', 'bulk_modulus', 'shear_modulus', 'decomposes_to', 'last_updated', 'surface_anisotropy', 'e_total', 'e_ionic', 'theoretical', 'e_ij_max', 'n', 'bandstructure', 'database_IDs', 'total_magnetization', 'warnings', 'weighted_surface_energy_EV_PER_ANG2', 'dos_energy_down', 'phonon_IDs', 'is_gap_direct', 'chemsys', 'symmetry', 'shape_factor', 'has_reconstructed', 'equilibrium_reaction_energy_per_atom', 'dos_energy_up', 'total_magnetization_normalized_formula_units', 'cbm', 'composition_reduced', 'volume', 'weighted_work_function', 'composition', 'nelements', 'dos', 'ordering', 'elements', 'nsites', 'task_ids', 'vbm', 'homogeneous_poisson', 'structure', 'efermi', 'density_atomic', 'types_of_magnetic_species', 'is_magnetic', 'possible_species', 'grain_boundaries', 'formula_anonymous', 'total_magnetization_normalized_vol', 'deprecated', 'xas', 'formation_energy_per_atom', 'deprecation_reasons', 'property_name', 'builder_meta', 'origins', 'num_unique_magnetic_sites', 'universal_anisotropy', 'has_props', 'num_magnetic_sites', 'uncorrected_energy_per_atom', 'e_electronic']",[]
2.6386,As2P2S7,False,mp-aaabeudf,2.455029465122351,True,0.0,"['prop_origins', 'energy_per_atom', 'weighted_surface_energy', 'bulk_modulus', 'shear_modulus', 'decomposes_to', 'last_updated', 'surface_anisotropy', 'e_total', 'e_ionic', 'theoretical', 'e_ij_max', 'n', 'bandstructure', 'database_IDs', 'total_magnetization', 'warnings', 'weighted_surface_energy_EV_PER_ANG2', 'dos_energy_down', 'phonon_IDs', 'is_gap_direct', 'chemsys', 'symmetry', 'shape_factor', 'has_reconstructed', 'equilibrium_reaction_energy_per_atom', 'dos_energy_up', 'total_magnetization_normalized_formula_units', 'cbm', 'composition_reduced', 'volume', 'weighted_work_function', 'composition', 'nelements', 'dos', 'ordering', 'elements', 'nsites', 'task_ids', 'vbm', 'homogeneous_poisson', 'structure', 'efermi', 'density_atomic', 'types_of_magnetic_species', 'is_magnetic', 'possible_species', 'grain_boundaries', 'formula_anonymous', 'total_magnetization_normalized_vol', 'deprecated', 'xas', 'formation_energy_per_atom', 'deprecation_reasons', 'property_name', 'builder_meta', 'origins', 'num_unique_magnetic_sites', 'universal_anisotropy', 'has_props', 'num_magnetic_sites', 'uncorrected_energy_per_atom', 'e_electronic']",[]
2.0349000000000004,Na4H6Ru,False,mp-aaabkpev,2.4728479410467292,True,0.0,"['prop_origins', 'energy_per_atom', 'weighted_surface_energy', 'bulk_modulus', 'shear_modulus', 'decomposes_to', 'last_updated', 'surface_anisotropy', 'e_total', 'e_ionic', 'theoretical', 'e_ij_max', 'n', 'bandstructure', 'database_IDs', 'total_magnetization', 'warnings', 'weighted_surface_energy_EV_PER_ANG2', 'dos_energy_down', 'phonon_IDs', 'is_gap_direct', 'chemsys', 'symmetry', 'shape_factor', 'has_reconstructed', 'equilibrium_reaction_energy_per_atom', 'dos_energy_up', 'total_magnetization_normalized_formula_units', 'cbm', 'composition_reduced', 'volume', 'weighted_work_function', 'composition', 'nelements', 'dos', 'ordering', 'elements', 'nsites', 'task_ids', 'vbm', 'homogeneous_poisson', 'structure', 'efermi', 'density_atomic', 'types_of_magnetic_species', 'is_magnetic', 'possible_species', 'grain_boundaries', 'formula_anonymous', 'total_magnetization_normalized_vol', 'deprecated', 'xas', 'formation_energy_per_atom', 'deprecation_reasons', 'property_name', 'builder_meta', 'origins', 'num_unique_magnetic_sites', 'universal_anisotropy', 'has_props', 'num_magnetic_sites', 'uncorrected_energy_per_atom', 'e_electronic']",[]
0.8848,H8Pd(NCl3)2,False,mp-aaabkqhb,2.4819771129837376,True,0.0,"['prop_origins', 'energy_per_atom', 'weighted_surface_energy', 'bulk_modulus', 'shear_modulus', 'decomposes_to', 'last_updated', 'surface_anisotropy', 'e_total', 'e_ionic', 'theoretical', 'e_ij_max', 'n', 'bandstructure', 'database_IDs', 'total_magnetization', 'warnings', 'weighted_surface_energy_EV_PER_ANG2', 'dos_energy_down', 'phonon_IDs', 'is_gap_direct', 'chemsys', 'symmetry', 'shape_factor', 'has_reconstructed', 'equilibrium_reaction_energy_per_atom', 'dos_energy_up', 'total_magnetization_normalized_formula_units', 'cbm', 'composition_reduced', 'volume', 'weighted_work_function', 'composition', 'nelements', 'dos', 'ordering', 'elements', 'nsites', 'task_ids', 'vbm', 'homogeneous_poisson', 'structure', 'efermi', 'density_atomic', 'types_of_magnetic_species', 'is_magnetic', 'possible_species', 'grain_boundaries', 'formula_anonymous', 'total_magnetization_normalized_vol', 'deprecated', 'xas', 'formation_energy_per_atom', 'deprecation_reasons', 'property_name', 'builder_meta', 'origins', 'num_unique_magnetic_sites', 'universal_anisotropy', 'has_props', 'num_magnetic_sites', 'uncorrected_energy_per_atom', 'e_electronic']",[]
1.4456000000000002,Ca4Mg4Fe3H22,False,mp-aaabkrbk,2.4855975350592883,True,0.0,"['prop_origins', 'energy_per_atom', 'weighted_surface_energy', 'bulk_modulus', 'shear_modulus', 'decomposes_to', 'last_updated', 'surface_anisotropy', 'e_total', 'e_ionic', 'theoretical', 'e_ij_max', 'n', 'bandstructure', 'database_IDs', 'total_magnetization', 'warnings', 'weighted_surface_energy_EV_PER_ANG2', 'dos_energy_down', 'phonon_IDs', 'is_gap_direct', 'chemsys', 'symmetry', 'shape_factor', 'has_reconstructed', 'equilibrium_reaction_energy_per_atom', 'dos_energy_up', 'total_magnetization_normalized_formula_units', 'cbm', 'composition_reduced', 'volume', 'weighted_work_function', 'composition', 'nelements', 'dos', 'ordering', 'elements', 'nsites', 'task_ids', 'vbm', 'homogeneous_poisson', 'structure', 'efermi', 'density_atomic', 'types_of_magnetic_species', 'is_magnetic', 'possible_species', 'grain_boundaries', 'formula_anonymous', 'total_magnetization_normalized_vol', 'deprecated', 'xas', 'formation_energy_per_atom', 'deprecation_reasons', 'property_name', 'builder_meta', 'origins', 'num_unique_magnetic_sites', 'universal_anisotropy', 'has_props', 'num_magnetic_sites', 'uncorrected_energy_per_atom', 'e_electronic']",[]
2.384,Sb(S8I)3,False,mp-aaabetum,2.4874738912029373,True,0.0,"['prop_origins', 'energy_per_atom', 'weighted_surface_energy', 'bulk_modulus', 'shear_modulus', 'decomposes_to', 'last_updated', 'surface_anisotropy', 'e_total', 'e_ionic', 'theoretical', 'e_ij_max', 'n', 'bandstructure', 'database_IDs', 'total_magnetization', 'warnings', 'weighted_surface_energy_EV_PER_ANG2', 'dos_energy_down', 'phonon_IDs', 'is_gap_direct', 'chemsys', 'symmetry', 'shape_factor', 'has_reconstructed', 'equilibrium_reaction_energy_per_atom', 'dos_energy_up', 'total_magnetization_normalized_formula_units', 'cbm', 'composition_reduced', 'volume', 'weighted_work_function', 'composition', 'nelements', 'dos', 'ordering', 'elements', 'nsites', 'task_ids', 'vbm', 'homogeneous_poisson', 'structure', 'efermi', 'density_atomic', 'types_of_magnetic_species', 'is_magnetic', 'possible_species', 'grain_boundaries', 'formula_anonymous', 'total_magnetization_normalized_vol', 'deprecated', 'xas', 'formation_energy_per_atom', 'deprecation_reasons', 'property_name', 'builder_meta', 'origins', 'num_unique_magnetic_sites', 'universal_anisotropy', 'has_props', 'num_magnetic_sites', 'uncorrected_energy_per_atom', 'e_electronic']",[]
2.7637,CsAl(H2N)4,False,mp-aaabkcnu,2.5089901025291628,True,0.0,"['prop_origins', 'energy_per_atom', 'weighted_surface_energy', 'bulk_modulus', 'shear_modulus', 'decomposes_to', 'last_updated', 'surface_anisotropy', 'e_total', 'e_ionic', 'theoretical', 'e_ij_max', 'n', 'bandstructure', 'database_IDs', 'total_magnetization', 'warnings', 'weighted_surface_energy_EV_PER_ANG2', 'dos_energy_down', 'phonon_IDs', 'is_gap_direct', 'chemsys', 'symmetry', 'shape_factor', 'has_reconstructed', 'equilibrium_reaction_energy_per_atom', 'dos_energy_up', 'total_magnetization_normalized_formula_units', 'cbm', 'composition_reduced', 'volume', 'weighted_work_function', 'composition', 'nelements', 'dos', 'ordering', 'elements', 'nsites', 'task_ids', 'vbm', 'homogeneous_poisson', 'structure', 'efermi', 'density_atomic', 'types_of_magnetic_species', 'is_magnetic', 'possible_species', 'grain_boundaries', 'formula_anonymous', 'total_magnetization_normalized_vol', 'deprecated', 'xas', 'formation_energy_per_atom', 'deprecation_reasons', 'property_name', 'builder_meta', 'origins', 'num_unique_magnetic_sites', 'universal_anisotropy', 'has_props', 'num_magnetic_sites', 'uncorrected_energy_per_atom', 'e_electronic']",[]
0.9055,RbNa8(GaP2)3,False,mp-aaacqkjp,2.5139130151467173,True,0.0,"['prop_origins', 'energy_per_atom', 'weighted_surface_energy', 'bulk_modulus', 'shear_modulus', 'decomposes_to', 'last_updated', 'surface_anisotropy', 'e_total', 'e_ionic', 'theoretical', 'e_ij_max', 'n', 'bandstructure', 'database_IDs', 'total_magnetization', 'warnings', 'weighted_surface_energy_EV_PER_ANG2', 'dos_energy_down', 'phonon_IDs', 'is_gap_direct', 'chemsys', 'symmetry', 'shape_factor', 'has_reconstructed', 'equilibrium_reaction_energy_per_atom', 'dos_energy_up', 'total_magnetization_normalized_formula_units', 'cbm', 'composition_reduced', 'volume', 'weighted_work_function', 'composition', 'nelements', 'dos', 'ordering', 'elements', 'nsites', 'task_ids', 'vbm', 'homogeneous_poisson', 'structure', 'efermi', 'density_atomic', 'types_of_magnetic_species', 'is_magnetic', 'possible_species', 'grain_boundaries', 'formula_anonymous', 'total_magnetization_normalized_vol', 'deprecated', 'xas', 'formation_energy_per_atom', 'deprecation_reasons', 'property_name', 'builder_meta', 'origins', 'num_unique_magnetic_sites', 'universal_anisotropy', 'has_props', 'num_magnetic_sites', 'uncorrected_energy_per_atom', 'e_electronic']",[]
1.6841,Rb7NaSi8,False,mp-aaacqkwe,2.5176861734252607,True,0.0,"['prop_origins', 'energy_per_atom', 'weighted_surface_energy', 'bulk_modulus', 'shear_modulus', 'decomposes_to', 'last_updated', 'surface_anisotropy', 'e_total', 'e_ionic', 'theoretical', 'e_ij_max', 'n', 'bandstructure', 'database_IDs', 'total_magnetization', 'warnings', 'weighted_surface_energy_EV_PER_ANG2', 'dos_energy_down', 'phonon_IDs', 'is_gap_direct', 'chemsys', 'symmetry', 'shape_factor', 'has_reconstructed', 'equilibrium_reaction_energy_per_atom', 'dos_energy_up', 'total_magnetization_normalized_formula_units', 'cbm', 'composition_reduced', 'volume', 'weighted_work_function', 'composition', 'nelements', 'dos', 'ordering', 'elements', 'nsites', 'task_ids', 'vbm', 'homogeneous_poisson', 'structure', 'efermi', 'density_atomic', 'types_of_magnetic_species', 'is_magnetic', 'possible_species', 'grain_boundaries', 'formula_anonymous', 'total_magnetization_normalized_vol', 'deprecated', 'xas', 'formation_energy_per_atom', 'deprecation_reasons', 'property_name', 'builder_meta', 'origins', 'num_unique_magnetic_sites', 'universal_anisotropy', 'has_props', 'num_magnetic_sites', 'uncorrected_energy_per_atom', 'e_electronic']",[]
2.179894319749844,NaUN3O11,False,mp-aaacqktx,2.5233140469085678,True,0.0,"['prop_origins', 'energy_per_atom', 'weighted_surface_energy', 'bulk_modulus', 'shear_modulus', 'decomposes_to', 'last_updated', 'surface_anisotropy', 'e_total', 'e_ionic', 'theoretical', 'e_ij_max', 'n', 'bandstructure', 'database_IDs', 'total_magnetization', 'warnings', 'weighted_surface_energy_EV_PER_ANG2', 'dos_energy_down', 'phonon_IDs', 'is_gap_direct', 'chemsys', 'symmetry', 'shape_factor', 'has_reconstructed', 'equilibrium_reaction_energy_per_atom', 'dos_energy_up', 'total_magnetization_normalized_formula_units', 'cbm', 'composition_reduced', 'volume', 'weighted_work_function', 'composition', 'nelements', 'dos', 'ordering', 'elements', 'nsites', 'task_ids', 'vbm', 'homogeneous_poisson', 'structure', 'efermi', 'density_atomic', 'types_of_magnetic_species', 'is_magnetic', 'possible_species', 'grain_boundaries', 'formula_anonymous', 'total_magnetization_normalized_vol', 'deprecated', 'xas', 'formation_energy_per_atom', 'deprecation_reasons', 'property_name', 'builder_meta', 'origins', 'num_unique_magnetic_sites', 'universal_anisotropy', 'has_props', 'num_magnetic_sites', 'uncorrected_energy_per_atom', 'e_electronic']",[]
2.3159,K2Ge2S5,False,mp-aaabevpm,2.5427703999759514,True,0.0,"['prop_origins', 'energy_per_atom', 'weighted_surface_energy', 'bulk_modulus', 'shear_modulus', 'decomposes_to', 'last_updated', 'surface_anisotropy', 'e_total', 'e_ionic', 'theoretical', 'e_ij_max', 'n', 'bandstructure', 'database_IDs', 'total_magnetization', 'warnings', 'weighted_surface_energy_EV_PER_ANG2', 'dos_energy_down', 'phonon_IDs', 'is_gap_direct', 'chemsys', 'symmetry', 'shape_factor', 'has_reconstructed', 'equilibrium_reaction_energy_per_atom', 'dos_energy_up', 'total_magnetization_normalized_formula_units', 'cbm', 'composition_reduced', 'volume', 'weighted_work_function', 'composition', 'nelements', 'dos', 'ordering', 'elements', 'nsites', 'task_ids', 'vbm', 'homogeneous_poisson', 'structure', 'efermi', 'density_atomic', 'types_of_magnetic_species', 'is_magnetic', 'possible_species', 'grain_boundaries', 'formula_anonymous', 'total_magnetization_normalized_vol', 'deprecated', 'xas', 'formation_energy_per_atom', 'deprecation_reasons', 'property_name', 'builder_meta', 'origins', 'num_unique_magnetic_sites', 'universal_anisotropy', 'has_props', 'num_magnetic_sites', 'uncorrected_energy_per_atom', 'e_electronic']",[]
2.2583,K2LaP2S7,False,mp-aaabevxh,2.5740879680107147,True,0.0,"['prop_origins', 'energy_per_atom', 'weighted_surface_energy', 'bulk_modulus', 'shear_modulus', 'decomposes_to', 'last_updated', 'surface_anisotropy', 'e_total', 'e_ionic', 'theoretical', 'e_ij_max', 'n', 'bandstructure', 'database_IDs', 'total_magnetization', 'warnings', 'weighted_surface_energy_EV_PER_ANG2', 'dos_energy_down', 'phonon_IDs', 'is_gap_direct', 'chemsys', 'symmetry', 'shape_factor', 'has_reconstructed', 'equilibrium_reaction_energy_per_atom', 'dos_energy_up', 'total_magnetization_normalized_formula_units', 'cbm', 'composition_reduced', 'volume', 'weighted_work_function', 'composition', 'nelements', 'dos', 'ordering', 'elements', 'nsites', 'task_ids', 'vbm', 'homogeneous_poisson', 'structure', 'efermi', 'density_atomic', 'types_of_magnetic_species', 'is_magnetic', 'possible_species', 'grain_boundaries', 'formula_anonymous', 'total_magnetization_normalized_vol', 'deprecated', 'xas', 'formation_energy_per_atom', 'deprecation_reasons', 'property_name', 'builder_meta', 'origins', 'num_unique_magnetic_sites', 'universal_anisotropy', 'has_props', 'num_magnetic_sites', 'uncorrected_energy_per_atom', 'e_electronic']",[]
0.4517,K3AlAs2,False,mp-aaabevhy,2.575740858812161,True,0.0,"['prop_origins', 'energy_per_atom', 'weighted_surface_energy', 'bulk_modulus', 'shear_modulus', 'decomposes_to', 'last_updated', 'surface_anisotropy', 'e_total', 'e_ionic', 'theoretical', 'e_ij_max', 'n', 'bandstructure', 'database_IDs', 'total_magnetization', 'warnings', 'weighted_surface_energy_EV_PER_ANG2', 'dos_energy_down', 'phonon_IDs', 'is_gap_direct', 'chemsys', 'symmetry', 'shape_factor', 'has_reconstructed', 'equilibrium_reaction_energy_per_atom', 'dos_energy_up', 'total_magnetization_normalized_formula_units', 'cbm', 'composition_reduced', 'volume', 'weighted_work_function', 'composition', 'nelements', 'dos', 'ordering', 'elements', 'nsites', 'task_ids', 'vbm', 'homogeneous_poisson', 'structure', 'efermi', 'density_atomic', 'types_of_magnetic_species', 'is_magnetic', 'possible_species', 'grain_boundaries', 'formula_anonymous', 'total_magnetization_normalized_vol', 'deprecated', 'xas', 'formation_energy_per_atom', 'deprecation_reasons', 'property_name', 'builder_meta', 'origins', 'num_unique_magnetic_sites', 'universal_anisotropy', 'has_props', 'num_magnetic_sites', 'uncorrected_energy_per_atom', 'e_electronic']",[]
2.7087,SrMgH4,False,mp-aaabkpfd,2.589688640201677,True,0.0,"['prop_origins', 'energy_per_atom', 'weighted_surface_energy', 'bulk_modulus', 'shear_modulus', 'decomposes_to', 'last_updated', 'surface_anisotropy', 'e_total', 'e_ionic', 'theoretical', 'e_ij_max', 'n', 'bandstructure', 'database_IDs', 'total_magnetization', 'warnings', 'weighted_surface_energy_EV_PER_ANG2', 'dos_energy_down', 'phonon_IDs', 'is_gap_direct', 'chemsys', 'symmetry', 'shape_factor', 'has_reconstructed', 'equilibrium_reaction_energy_per_atom', 'dos_energy_up', 'total_magnetization_normalized_formula_units', 'cbm', 'composition_reduced', 'volume', 'weighted_work_function', 'composition', 'nelements', 'dos', 'ordering', 'elements', 'nsites', 'task_ids', 'vbm', 'homogeneous_poisson', 'structure', 'efermi', 'density_atomic', 'types_of_magnetic_species', 'is_magnetic', 'possible_species', 'grain_boundaries', 'formula_anonymous', 'total_magnetization_normalized_vol', 'deprecated', 'xas', 'formation_energy_per_atom', 'deprecation_reasons', 'property_name', 'builder_meta', 'origins', 'num_unique_magnetic_sites', 'universal_anisotropy', 'has_props', 'num_magnetic_sites', 'uncorrected_energy_per_atom', 'e_electronic']",[]
0.7667999999999999,Mg(AlB14)2,False,mp-aaabegkp,2.608405066191156,True,0.0,"['prop_origins', 'energy_per_atom', 'weighted_surface_energy', 'bulk_modulus', 'shear_modulus', 'decomposes_to', 'last_updated', 'surface_anisotropy', 'e_total', 'e_ionic', 'theoretical', 'e_ij_max', 'n', 'bandstructure', 'database_IDs', 'total_magnetization', 'warnings', 'weighted_surface_energy_EV_PER_ANG2', 'dos_energy_down', 'phonon_IDs', 'is_gap_direct', 'chemsys', 'symmetry', 'shape_factor', 'has_reconstructed', 'equilibrium_reaction_energy_per_atom', 'dos_energy_up', 'total_magnetization_normalized_formula_units', 'cbm', 'composition_reduced', 'volume', 'weighted_work_function', 'composition', 'nelements', 'dos', 'ordering', 'elements', 'nsites', 'task_ids', 'vbm', 'homogeneous_poisson', 'structure', 'efermi', 'density_atomic', 'types_of_magnetic_species', 'is_magnetic', 'possible_species', 'grain_boundaries', 'formula_anonymous', 'total_magnetization_normalized_vol', 'deprecated', 'xas', 'formation_energy_per_atom', 'deprecation_reasons', 'property_name', 'builder_meta', 'origins', 'num_unique_magnetic_sites', 'universal_anisotropy', 'has_props', 'num_magnetic_sites', 'uncorrected_energy_per_atom', 'e_electronic']",[]
2.5311,Ca2GeS4,False,mp-aaabetyz,2.611862750598834,True,0.0,"['prop_origins', 'energy_per_atom', 'weighted_surface_energy', 'bulk_modulus', 'shear_modulus', 'decomposes_to', 'last_updated', 'surface_anisotropy', 'e_total', 'e_ionic', 'theoretical', 'e_ij_max', 'n', 'bandstructure', 'database_IDs', 'total_magnetization', 'warnings', 'weighted_surface_energy_EV_PER_ANG2', 'dos_energy_down', 'phonon_IDs', 'is_gap_direct', 'chemsys', 'symmetry', 'shape_factor', 'has_reconstructed', 'equilibrium_reaction_energy_per_atom', 'dos_energy_up', 'total_magnetization_normalized_formula_units', 'cbm', 'composition_reduced', 'volume', 'weighted_work_function', 'composition', 'nelements', 'dos', 'ordering', 'elements', 'nsites', 'task_ids', 'vbm', 'homogeneous_poisson', 'structure', 'efermi', 'density_atomic', 'types_of_magnetic_species', 'is_magnetic', 'possible_species', 'grain_boundaries', 'formula_anonymous', 'total_magnetization_normalized_vol', 'deprecated', 'xas', 'formation_energy_per_atom', 'deprecation_reasons', 'property_name', 'builder_meta', 'origins', 'num_unique_magnetic_sites', 'universal_anisotropy', 'has_props', 'num_magnetic_sites', 'uncorrected_energy_per_atom', 'e_electronic']",[]
1.5378000000000003,CsP7,False,mp-aaacqjus,2.6439442306878074,True,0.0,"['prop_origins', 'energy_per_atom', 'weighted_surface_energy', 'bulk_modulus', 'shear_modulus', 'decomposes_to', 'last_updated', 'surface_anisotropy', 'e_total', 'e_ionic', 'theoretical', 'e_ij_max', 'n', 'bandstructure', 'database_IDs', 'total_magnetization', 'warnings', 'weighted_surface_energy_EV_PER_ANG2', 'dos_energy_down', 'phonon_IDs', 'is_gap_direct', 'chemsys', 'symmetry', 'shape_factor', 'has_reconstructed', 'equilibrium_reaction_energy_per_atom', 'dos_energy_up', 'total_magnetization_normalized_formula_units', 'cbm', 'composition_reduced', 'volume', 'weighted_work_function', 'composition', 'nelements', 'dos', 'ordering', 'elements', 'nsites', 'task_ids', 'vbm', 'homogeneous_poisson', 'structure', 'efermi', 'density_atomic', 'types_of_magnetic_species', 'is_magnetic', 'possible_species', 'grain_boundaries', 'formula_anonymous', 'total_magnetization_normalized_vol', 'deprecated', 'xas', 'formation_energy_per_atom', 'deprecation_reasons', 'property_name', 'builder_meta', 'origins', 'num_unique_magnetic_sites', 'universal_anisotropy', 'has_props', 'num_magnetic_sites', 'uncorrected_energy_per_atom', 'e_electronic']",[]
0.16820000000000057,Ca14MnP11,False,mp-aaabehfs,2.643993159827473,True,0.0,"['prop_origins', 'energy_per_atom', 'weighted_surface_energy', 'bulk_modulus', 'shear_modulus', 'decomposes_to', 'last_updated', 'surface_anisotropy', 'e_total', 'e_ionic', 'theoretical', 'e_ij_max', 'n', 'bandstructure', 'database_IDs', 'total_magnetization', 'warnings', 'weighted_surface_energy_EV_PER_ANG2', 'dos_energy_down', 'phonon_IDs', 'is_gap_direct', 'chemsys', 'symmetry', 'shape_factor', 'has_reconstructed', 'equilibrium_reaction_energy_per_atom', 'dos_energy_up', 'total_magnetization_normalized_formula_units', 'cbm', 'composition_reduced', 'volume', 'weighted_work_function', 'composition', 'nelements', 'dos', 'ordering', 'elements', 'nsites', 'task_ids', 'vbm', 'homogeneous_poisson', 'structure', 'efermi', 'density_atomic', 'types_of_magnetic_species', 'is_magnetic', 'possible_species', 'grain_boundaries', 'formula_anonymous', 'total_magnetization_normalized_vol', 'deprecated', 'xas', 'formation_energy_per_atom', 'deprecation_reasons', 'property_name', 'builder_meta', 'origins', 'num_unique_magnetic_sites', 'universal_anisotropy', 'has_props', 'num_magnetic_sites', 'uncorrected_energy_per_atom', 'e_electronic']",[]
1.2641,FeTeCl7,False,mp-aaabeuhp,2.6458521612973764,True,0.0,"['prop_origins', 'energy_per_atom', 'weighted_surface_energy', 'bulk_modulus', 'shear_modulus', 'decomposes_to', 'last_updated', 'surface_anisotropy', 'e_total', 'e_ionic', 'theoretical', 'e_ij_max', 'n', 'bandstructure', 'database_IDs', 'total_magnetization', 'warnings', 'weighted_surface_energy_EV_PER_ANG2', 'dos_energy_down', 'phonon_IDs', 'is_gap_direct', 'chemsys', 'symmetry', 'shape_factor', 'has_reconstructed', 'equilibrium_reaction_energy_per_atom', 'dos_energy_up', 'total_magnetization_normalized_formula_units', 'cbm', 'composition_reduced', 'volume', 'weighted_work_function', 'composition', 'nelements', 'dos', 'ordering', 'elements', 'nsites', 'task_ids', 'vbm', 'homogeneous_poisson', 'structure', 'efermi', 'density_atomic', 'types_of_magnetic_species', 'is_magnetic', 'possible_species', 'grain_boundaries', 'formula_anonymous', 'total_magnetization_normalized_vol', 'deprecated', 'xas', 'formation_energy_per_atom', 'deprecation_reasons', 'property_name', 'builder_meta', 'origins', 'num_unique_magnetic_sites', 'universal_anisotropy', 'has_props', 'num_magnetic_sites', 'uncorrected_energy_per_atom', 'e_electronic']",[]
2.7614,Mn(NO3)2,False,mp-aaabevww,2.6581436486053702,True,0.0,"['prop_origins', 'energy_per_atom', 'weighted_surface_energy', 'bulk_modulus', 'shear_modulus', 'decomposes_to', 'last_updated', 'surface_anisotropy', 'e_total', 'e_ionic', 'theoretical', 'e_ij_max', 'n', 'bandstructure', 'database_IDs', 'total_magnetization', 'warnings', 'weighted_surface_energy_EV_PER_ANG2', 'dos_energy_down', 'phonon_IDs', 'is_gap_direct', 'chemsys', 'symmetry', 'shape_factor', 'has_reconstructed', 'equilibrium_reaction_energy_per_atom', 'dos_energy_up', 'total_magnetization_normalized_formula_units', 'cbm', 'composition_reduced', 'volume', 'weighted_work_function', 'composition', 'nelements', 'dos', 'ordering', 'elements', 'nsites', 'task_ids', 'vbm', 'homogeneous_poisson', 'structure', 'efermi', 'density_atomic', 'types_of_magnetic_species', 'is_magnetic', 'possible_species', 'grain_boundaries', 'formula_anonymous', 'total_magnetization_normalized_vol', 'deprecated', 'xas', 'formation_energy_per_atom', 'deprecation_reasons', 'property_name', 'builder_meta', 'origins', 'num_unique_magnetic_sites', 'universal_anisotropy', 'has_props', 'num_magnetic_sites', 'uncorrected_energy_per_atom', 'e_electronic']",[]
0.9183000000000003,VS4,False,mp-aaabeunr,2.6677125007098383,True,0.0,"['prop_origins', 'energy_per_atom', 'weighted_surface_energy', 'bulk_modulus', 'shear_modulus', 'decomposes_to', 'last_updated', 'surface_anisotropy', 'e_total', 'e_ionic', 'theoretical', 'e_ij_max', 'n', 'bandstructure', 'database_IDs', 'total_magnetization', 'warnings', 'weighted_surface_energy_EV_PER_ANG2', 'dos_energy_down', 'phonon_IDs', 'is_gap_direct', 'chemsys', 'symmetry', 'shape_factor', 'has_reconstructed', 'equilibrium_reaction_energy_per_atom', 'dos_energy_up', 'total_magnetization_normalized_formula_units', 'cbm', 'composition_reduced', 'volume', 'weighted_work_function', 'composition', 'nelements', 'dos', 'ordering', 'elements', 'nsites', 'task_ids', 'vbm', 'homogeneous_poisson', 'structure', 'efermi', 'density_atomic', 'types_of_magnetic_species', 'is_magnetic', 'possible_species', 'grain_boundaries', 'formula_anonymous', 'total_magnetization_normalized_vol', 'deprecated', 'xas', 'formation_energy_per_atom', 'deprecation_reasons', 'property_name', 'builder_meta', 'origins', 'num_unique_magnetic_sites', 'universal_anisotropy', 'has_props', 'num_magnetic_sites', 'uncorrected_energy_per_atom', 'e_electronic']",[]
1.4057,Al2Te2Cl7,False,mp-aaabettl,2.6740751633436926,True,0.0,"['prop_origins', 'energy_per_atom', 'weighted_surface_energy', 'bulk_modulus', 'shear_modulus', 'decomposes_to', 'last_updated', 'surface_anisotropy', 'e_total', 'e_ionic', 'theoretical', 'e_ij_max', 'n', 'bandstructure', 'database_IDs', 'total_magnetization', 'warnings', 'weighted_surface_energy_EV_PER_ANG2', 'dos_energy_down', 'phonon_IDs', 'is_gap_direct', 'chemsys', 'symmetry', 'shape_factor', 'has_reconstructed', 'equilibrium_reaction_energy_per_atom', 'dos_energy_up', 'total_magnetization_normalized_formula_units', 'cbm', 'composition_reduced', 'volume', 'weighted_work_function', 'composition', 'nelements', 'dos', 'ordering', 'elements', 'nsites', 'task_ids', 'vbm', 'homogeneous_poisson', 'structure', 'efermi', 'density_atomic', 'types_of_magnetic_species', 'is_magnetic', 'possible_species', 'grain_boundaries', 'formula_anonymous', 'total_magnetization_normalized_vol', 'deprecated', 'xas', 'formation_energy_per_atom', 'deprecation_reasons', 'property_name', 'builder_meta', 'origins', 'num_unique_magnetic_sites', 'universal_anisotropy', 'has_props', 'num_magnetic_sites', 'uncorrected_energy_per_atom', 'e_electronic']",[]
0.18009999999999993,K30Ga9As19,False,mp-aaacrtno,2.714740554917038,True,0.0,"['prop_origins', 'energy_per_atom', 'weighted_surface_energy', 'bulk_modulus', 'shear_modulus', 'decomposes_to', 'last_updated', 'surface_anisotropy', 'e_total', 'e_ionic', 'theoretical', 'e_ij_max', 'n', 'bandstructure', 'database_IDs', 'total_magnetization', 'warnings', 'weighted_surface_energy_EV_PER_ANG2', 'dos_energy_down', 'phonon_IDs', 'is_gap_direct', 'chemsys', 'symmetry', 'shape_factor', 'has_reconstructed', 'equilibrium_reaction_energy_per_atom', 'dos_energy_up', 'total_magnetization_normalized_formula_units', 'cbm', 'composition_reduced', 'volume', 'weighted_work_function', 'composition', 'nelements', 'dos', 'ordering', 'elements', 'nsites', 'task_ids', 'vbm', 'homogeneous_poisson', 'structure', 'efermi', 'density_atomic', 'types_of_magnetic_species', 'is_magnetic', 'possible_species', 'grain_boundaries', 'formula_anonymous', 'total_magnetization_normalized_vol', 'deprecated', 'xas', 'formation_energy_per_atom', 'deprecation_reasons', 'property_name', 'builder_meta', 'origins', 'num_unique_magnetic_sites', 'universal_anisotropy', 'has_props', 'num_magnetic_sites', 'uncorrected_energy_per_atom', 'e_electronic']",[]
0.00019999999999997797,K5Nb3O3F14,False,mp-aaacqkgl,2.7469852755032353,True,0.0,"['prop_origins', 'energy_per_atom', 'weighted_surface_energy', 'bulk_modulus', 'shear_modulus', 'decomposes_to', 'last_updated', 'surface_anisotropy', 'e_total', 'e_ionic', 'theoretical', 'e_ij_max', 'n', 'bandstructure', 'database_IDs', 'total_magnetization', 'warnings', 'weighted_surface_energy_EV_PER_ANG2', 'dos_energy_down', 'phonon_IDs', 'is_gap_direct', 'chemsys', 'symmetry', 'shape_factor', 'has_reconstructed', 'equilibrium_reaction_energy_per_atom', 'dos_energy_up', 'total_magnetization_normalized_formula_units', 'cbm', 'composition_reduced', 'volume', 'weighted_work_function', 'composition', 'nelements', 'dos', 'ordering', 'elements', 'nsites', 'task_ids', 'vbm', 'homogeneous_poisson', 'structure', 'efermi', 'density_atomic', 'types_of_magnetic_species', 'is_magnetic', 'possible_species', 'grain_boundaries', 'formula_anonymous', 'total_magnetization_normalized_vol', 'deprecated', 'xas', 'formation_energy_per_atom', 'deprecation_reasons', 'property_name', 'builder_meta', 'origins', 'num_unique_magnetic_sites', 'universal_anisotropy', 'has_props', 'num_magnetic_sites', 'uncorrected_energy_per_atom', 'e_electronic']",[]
1.9969999999999999,CsLi(H2N)2,False,mp-aaabkouu,2.7474601236285388,True,0.0,"['prop_origins', 'energy_per_atom', 'weighted_surface_energy', 'bulk_modulus', 'shear_modulus', 'decomposes_to', 'last_updated', 'surface_anisotropy', 'e_total', 'e_ionic', 'theoretical', 'e_ij_max', 'n', 'bandstructure', 'database_IDs', 'total_magnetization', 'warnings', 'weighted_surface_energy_EV_PER_ANG2', 'dos_energy_down', 'phonon_IDs', 'is_gap_direct', 'chemsys', 'symmetry', 'shape_factor', 'has_reconstructed', 'equilibrium_reaction_energy_per_atom', 'dos_energy_up', 'total_magnetization_normalized_formula_units', 'cbm', 'composition_reduced', 'volume', 'weighted_work_function', 'composition', 'nelements', 'dos', 'ordering', 'elements', 'nsites', 'task_ids', 'vbm', 'homogeneous_poisson', 'structure', 'efermi', 'density_atomic', 'types_of_magnetic_species', 'is_magnetic', 'possible_species', 'grain_boundaries', 'formula_anonymous', 'total_magnetization_normalized_vol', 'deprecated', 'xas', 'formation_energy_per_atom', 'deprecation_reasons', 'property_name', 'builder_meta', 'origins', 'num_unique_magnetic_sites', 'universal_anisotropy', 'has_props', 'num_magnetic_sites', 'uncorrected_energy_per_atom', 'e_electronic']",[]
0.07930271047595067,Mo2NCl7,False,mp-aaabevzj,2.762705103437164,True,0.0,"['prop_origins', 'energy_per_atom', 'weighted_surface_energy', 'bulk_modulus', 'shear_modulus', 'decomposes_to', 'last_updated', 'surface_anisotropy', 'e_total', 'e_ionic', 'theoretical', 'e_ij_max', 'n', 'bandstructure', 'database_IDs', 'total_magnetization', 'warnings', 'weighted_surface_energy_EV_PER_ANG2', 'dos_energy_down', 'phonon_IDs', 'is_gap_direct', 'chemsys', 'symmetry', 'shape_factor', 'has_reconstructed', 'equilibrium_reaction_energy_per_atom', 'dos_energy_up', 'total_magnetization_normalized_formula_units', 'cbm', 'composition_reduced', 'volume', 'weighted_work_function', 'composition', 'nelements', 'dos', 'ordering', 'elements', 'nsites', 'task_ids', 'vbm', 'homogeneous_poisson', 'structure', 'efermi', 'density_atomic', 'types_of_magnetic_species', 'is_magnetic', 'possible_species', 'grain_boundaries', 'formula_anonymous', 'total_magnetization_normalized_vol', 'deprecated', 'xas', 'formation_energy_per_atom', 'deprecation_reasons', 'property_name', 'builder_meta', 'origins', 'num_unique_magnetic_sites', 'universal_anisotropy', 'has_props', 'num_magnetic_sites', 'uncorrected_energy_per_atom', 'e_electronic']",[]
1.5818999999999999,NaCaAs,False,mp-aaaccspx,2.764079919704158,True,0.0,"['prop_origins', 'energy_per_atom', 'weighted_surface_energy', 'bulk_modulus', 'shear_modulus', 'decomposes_to', 'last_updated', 'surface_anisotropy', 'e_total', 'e_ionic', 'theoretical', 'e_ij_max', 'n', 'bandstructure', 'database_IDs', 'total_magnetization', 'warnings', 'weighted_surface_energy_EV_PER_ANG2', 'dos_energy_down', 'phonon_IDs', 'is_gap_direct', 'chemsys', 'symmetry', 'shape_factor', 'has_reconstructed', 'equilibrium_reaction_energy_per_atom', 'dos_energy_up', 'total_magnetization_normalized_formula_units', 'cbm', 'composition_reduced', 'volume', 'weighted_work_function', 'composition', 'nelements', 'dos', 'ordering', 'elements', 'nsites', 'task_ids', 'vbm', 'homogeneous_poisson', 'structure', 'efermi', 'density_atomic', 'types_of_magnetic_species', 'is_magnetic', 'possible_species', 'grain_boundaries', 'formula_anonymous', 'total_magnetization_normalized_vol', 'deprecated', 'xas', 'formation_energy_per_atom', 'deprecation_reasons', 'property_name', 'builder_meta', 'origins', 'num_unique_magnetic_sites', 'universal_anisotropy', 'has_props', 'num_magnetic_sites', 'uncorrected_energy_per_atom', 'e_electronic']",[]
2.9156,Na2Li3FeO4,False,mp-aaabeugj,2.766456859739631,True,0.0,"['prop_origins', 'energy_per_atom', 'weighted_surface_energy', 'bulk_modulus', 'shear_modulus', 'decomposes_to', 'last_updated', 'surface_anisotropy', 'e_total', 'e_ionic', 'theoretical', 'e_ij_max', 'n', 'bandstructure', 'database_IDs', 'total_magnetization', 'warnings', 'weighted_surface_energy_EV_PER_ANG2', 'dos_energy_down', 'phonon_IDs', 'is_gap_direct', 'chemsys', 'symmetry', 'shape_factor', 'has_reconstructed', 'equilibrium_reaction_energy_per_atom', 'dos_energy_up', 'total_magnetization_normalized_formula_units', 'cbm', 'composition_reduced', 'volume', 'weighted_work_function', 'composition', 'nelements', 'dos', 'ordering', 'elements', 'nsites', 'task_ids', 'vbm', 'homogeneous_poisson', 'structure', 'efermi', 'density_atomic', 'types_of_magnetic_species', 'is_magnetic', 'possible_species', 'grain_boundaries', 'formula_anonymous', 'total_magnetization_normalized_vol', 'deprecated', 'xas', 'formation_energy_per_atom', 'deprecation_reasons', 'property_name', 'builder_meta', 'origins', 'num_unique_magnetic_sites', 'universal_anisotropy', 'has_props', 'num_magnetic_sites', 'uncorrected_energy_per_atom', 'e_electronic']",[]
2.2079,P4S3I2,False,mp-aaabeuvg,2.7676657034211796,True,0.0,"['prop_origins', 'energy_per_atom', 'weighted_surface_energy', 'bulk_modulus', 'shear_modulus', 'decomposes_to', 'last_updated', 'surface_anisotropy', 'e_total', 'e_ionic', 'theoretical', 'e_ij_max', 'n', 'bandstructure', 'database_IDs', 'total_magnetization', 'warnings', 'weighted_surface_energy_EV_PER_ANG2', 'dos_energy_down', 'phonon_IDs', 'is_gap_direct', 'chemsys', 'symmetry', 'shape_factor', 'has_reconstructed', 'equilibrium_reaction_energy_per_atom', 'dos_energy_up', 'total_magnetization_normalized_formula_units', 'cbm', 'composition_reduced', 'volume', 'weighted_work_function', 'composition', 'nelements', 'dos', 'ordering', 'elements', 'nsites', 'task_ids', 'vbm', 'homogeneous_poisson', 'structure', 'efermi', 'density_atomic', 'types_of_magnetic_species', 'is_magnetic', 'possible_species', 'grain_boundaries', 'formula_anonymous', 'total_magnetization_normalized_vol', 'deprecated', 'xas', 'formation_energy_per_atom', 'deprecation_reasons', 'property_name', 'builder_meta', 'origins', 'num_unique_magnetic_sites', 'universal_anisotropy', 'has_props', 'num_magnetic_sites', 'uncorrected_energy_per_atom', 'e_electronic']",[]
0.7282999999999997,K6Na3AlSb4,False,mp-aaabevix,2.793648708251651,True,0.0,"['prop_origins', 'energy_per_atom', 'weighted_surface_energy', 'bulk_modulus', 'shear_modulus', 'decomposes_to', 'last_updated', 'surface_anisotropy', 'e_total', 'e_ionic', 'theoretical', 'e_ij_max', 'n', 'bandstructure', 'database_IDs', 'total_magnetization', 'warnings', 'weighted_surface_energy_EV_PER_ANG2', 'dos_energy_down', 'phonon_IDs', 'is_gap_direct', 'chemsys', 'symmetry', 'shape_factor', 'has_reconstructed', 'equilibrium_reaction_energy_per_atom', 'dos_energy_up', 'total_magnetization_normalized_formula_units', 'cbm', 'composition_reduced', 'volume', 'weighted_work_function', 'composition', 'nelements', 'dos', 'ordering', 'elements', 'nsites', 'task_ids', 'vbm', 'homogeneous_poisson', 'structure', 'efermi', 'density_atomic', 'types_of_magnetic_species', 'is_magnetic', 'possible_species', 'grain_boundaries', 'formula_anonymous', 'total_magnetization_normalized_vol', 'deprecated', 'xas', 'formation_energy_per_atom', 'deprecation_reasons', 'property_name', 'builder_meta', 'origins', 'num_unique_magnetic_sites', 'universal_anisotropy', 'has_props', 'num_magnetic_sites', 'uncorrected_energy_per_atom', 'e_electronic']",[]
1.589,Na2CrH2F8,False,mp-aaacdjrt,2.795387041373944,True,0.0,"['prop_origins', 'energy_per_atom', 'weighted_surface_energy', 'bulk_modulus', 'shear_modulus', 'decomposes_to', 'last_updated', 'surface_anisotropy', 'e_total', 'e_ionic', 'theoretical', 'e_ij_max', 'n', 'bandstructure', 'database_IDs', 'total_magnetization', 'warnings', 'weighted_surface_energy_EV_PER_ANG2', 'dos_energy_down', 'phonon_IDs', 'is_gap_direct', 'chemsys', 'symmetry', 'shape_factor', 'has_reconstructed', 'equilibrium_reaction_energy_per_atom', 'dos_energy_up', 'total_magnetization_normalized_formula_units', 'cbm', 'composition_reduced', 'volume', 'weighted_work_function', 'composition', 'nelements', 'dos', 'ordering', 'elements', 'nsites', 'task_ids', 'vbm', 'homogeneous_poisson', 'structure', 'efermi', 'density_atomic', 'types_of_magnetic_species', 'is_magnetic', 'possible_species', 'grain_boundaries', 'formula_anonymous', 'total_magnetization_normalized_vol', 'deprecated', 'xas', 'formation_energy_per_atom', 'deprecation_reasons', 'property_name', 'builder_meta', 'origins', 'num_unique_magnetic_sites', 'universal_anisotropy', 'has_props', 'num_magnetic_sites', 'uncorrected_energy_per_atom', 'e_electronic']",[]
0.18779999999999997,AgS2(O3F)2,False,mp-aaacqkyw,2.8038837356288187,True,0.0,"['prop_origins', 'energy_per_atom', 'weighted_surface_energy', 'bulk_modulus', 'shear_modulus', 'decomposes_to', 'last_updated', 'surface_anisotropy', 'e_total', 'e_ionic', 'theoretical', 'e_ij_max', 'n', 'bandstructure', 'database_IDs', 'total_magnetization', 'warnings', 'weighted_surface_energy_EV_PER_ANG2', 'dos_energy_down', 'phonon_IDs', 'is_gap_direct', 'chemsys', 'symmetry', 'shape_factor', 'has_reconstructed', 'equilibrium_reaction_energy_per_atom', 'dos_energy_up', 'total_magnetization_normalized_formula_units', 'cbm', 'composition_reduced', 'volume', 'weighted_work_function', 'composition', 'nelements', 'dos', 'ordering', 'elements', 'nsites', 'task_ids', 'vbm', 'homogeneous_poisson', 'structure', 'efermi', 'density_atomic', 'types_of_magnetic_species', 'is_magnetic', 'possible_species', 'grain_boundaries', 'formula_anonymous', 'total_magnetization_normalized_vol', 'deprecated', 'xas', 'formation_energy_per_atom', 'deprecation_reasons', 'property_name', 'builder_meta', 'origins', 'num_unique_magnetic_sites', 'universal_anisotropy', 'has_props', 'num_magnetic_sites', 'uncorrected_energy_per_atom', 'e_electronic']",[]
0.7149000000000001,LiCa7(GeH)3,False,mp-aaacqlda,2.853821048139205,True,0.0,"['prop_origins', 'energy_per_atom', 'weighted_surface_energy', 'bulk_modulus', 'shear_modulus', 'decomposes_to', 'last_updated', 'surface_anisotropy', 'e_total', 'e_ionic', 'theoretical', 'e_ij_max', 'n', 'bandstructure', 'database_IDs', 'total_magnetization', 'warnings', 'weighted_surface_energy_EV_PER_ANG2', 'dos_energy_down', 'phonon_IDs', 'is_gap_direct', 'chemsys', 'symmetry', 'shape_factor', 'has_reconstructed', 'equilibrium_reaction_energy_per_atom', 'dos_energy_up', 'total_magnetization_normalized_formula_units', 'cbm', 'composition_reduced', 'volume', 'weighted_work_function', 'composition', 'nelements', 'dos', 'ordering', 'elements', 'nsites', 'task_ids', 'vbm', 'homogeneous_poisson', 'structure', 'efermi', 'density_atomic', 'types_of_magnetic_species', 'is_magnetic', 'possible_species', 'grain_boundaries', 'formula_anonymous', 'total_magnetization_normalized_vol', 'deprecated', 'xas', 'formation_energy_per_atom', 'deprecation_reasons', 'property_name', 'builder_meta', 'origins', 'num_unique_magnetic_sites', 'universal_anisotropy', 'has_props', 'num_magnetic_sites', 'uncorrected_energy_per_atom', 'e_electronic']",[]
1.2236000000000002,Rb4Ti3S14,False,mp-aaabevwt,2.862230243414579,True,0.0,"['prop_origins', 'energy_per_atom', 'weighted_surface_energy', 'bulk_modulus', 'shear_modulus', 'decomposes_to', 'last_updated', 'surface_anisotropy', 'e_total', 'e_ionic', 'theoretical', 'e_ij_max', 'n', 'bandstructure', 'database_IDs', 'total_magnetization', 'warnings', 'weighted_surface_energy_EV_PER_ANG2', 'dos_energy_down', 'phonon_IDs', 'is_gap_direct', 'chemsys', 'symmetry', 'shape_factor', 'has_reconstructed', 'equilibrium_reaction_energy_per_atom', 'dos_energy_up', 'total_magnetization_normalized_formula_units', 'cbm', 'composition_reduced', 'volume', 'weighted_work_function', 'composition', 'nelements', 'dos', 'ordering', 'elements', 'nsites', 'task_ids', 'vbm', 'homogeneous_poisson', 'structure', 'efermi', 'density_atomic', 'types_of_magnetic_species', 'is_magnetic', 'possible_species', 'grain_boundaries', 'formula_anonymous', 'total_magnetization_normalized_vol', 'deprecated', 'xas', 'formation_energy_per_atom', 'deprecation_reasons', 'property_name', 'builder_meta', 'origins', 'num_unique_magnetic_sites', 'universal_anisotropy', 'has_props', 'num_magnetic_sites', 'uncorrected_energy_per_atom', 'e_electronic']",[]
2.5339,KTi2(PO4)3,False,mp-aaabeuqw,2.8652498756233666,True,0.0,"['prop_origins', 'energy_per_atom', 'weighted_surface_energy', 'bulk_modulus', 'shear_modulus', 'decomposes_to', 'last_updated', 'surface_anisotropy', 'e_total', 'e_ionic', 'theoretical', 'e_ij_max', 'n', 'bandstructure', 'database_IDs', 'total_magnetization', 'warnings', 'weighted_surface_energy_EV_PER_ANG2', 'dos_energy_down', 'phonon_IDs', 'is_gap_direct', 'chemsys', 'symmetry', 'shape_factor', 'has_reconstructed', 'equilibrium_reaction_energy_per_atom', 'dos_energy_up', 'total_magnetization_normalized_formula_units', 'cbm', 'composition_reduced', 'volume', 'weighted_work_function', 'composition', 'nelements', 'dos', 'ordering', 'elements', 'nsites', 'task_ids', 'vbm', 'homogeneous_poisson', 'structure', 'efermi', 'density_atomic', 'types_of_magnetic_species', 'is_magnetic', 'possible_species', 'grain_boundaries', 'formula_anonymous', 'total_magnetization_normalized_vol', 'deprecated', 'xas', 'formation_energy_per_atom', 'deprecation_reasons', 'property_name', 'builder_meta', 'origins', 'num_unique_magnetic_sites', 'universal_anisotropy', 'has_props', 'num_magnetic_sites', 'uncorrected_energy_per_atom', 'e_electronic']",[]
0.6319999999999999,UPCl10,False,mp-aaabeuex,2.870061533765565,True,0.0,"['prop_origins', 'energy_per_atom', 'weighted_surface_energy', 'bulk_modulus', 'shear_modulus', 'decomposes_to', 'last_updated', 'surface_anisotropy', 'e_total', 'e_ionic', 'theoretical', 'e_ij_max', 'n', 'bandstructure', 'database_IDs', 'total_magnetization', 'warnings', 'weighted_surface_energy_EV_PER_ANG2', 'dos_energy_down', 'phonon_IDs', 'is_gap_direct', 'chemsys', 'symmetry', 'shape_factor', 'has_reconstructed', 'equilibrium_reaction_energy_per_atom', 'dos_energy_up', 'total_magnetization_normalized_formula_units', 'cbm', 'composition_reduced', 'volume', 'weighted_work_function', 'composition', 'nelements', 'dos', 'ordering', 'elements', 'nsites', 'task_ids', 'vbm', 'homogeneous_poisson', 'structure', 'efermi', 'density_atomic', 'types_of_magnetic_species', 'is_magnetic', 'possible_species', 'grain_boundaries', 'formula_anonymous', 'total_magnetization_normalized_vol', 'deprecated', 'xas', 'formation_energy_per_atom', 'deprecation_reasons', 'property_name', 'builder_meta', 'origins', 'num_unique_magnetic_sites', 'universal_anisotropy', 'has_props', 'num_magnetic_sites', 'uncorrected_energy_per_atom', 'e_electronic']",[]
1.8119,KSnS4,False,mp-aaabeuwh,2.8713739179809292,True,0.0,"['prop_origins', 'energy_per_atom', 'weighted_surface_energy', 'bulk_modulus', 'shear_modulus', 'decomposes_to', 'last_updated', 'surface_anisotropy', 'e_total', 'e_ionic', 'theoretical', 'e_ij_max', 'n', 'bandstructure', 'database_IDs', 'total_magnetization', 'warnings', 'weighted_surface_energy_EV_PER_ANG2', 'dos_energy_down', 'phonon_IDs', 'is_gap_direct', 'chemsys', 'symmetry', 'shape_factor', 'has_reconstructed', 'equilibrium_reaction_energy_per_atom', 'dos_energy_up', 'total_magnetization_normalized_formula_units', 'cbm', 'composition_reduced', 'volume', 'weighted_work_function', 'composition', 'nelements', 'dos', 'ordering', 'elements', 'nsites', 'task_ids', 'vbm', 'homogeneous_poisson', 'structure', 'efermi', 'density_atomic', 'types_of_magnetic_species', 'is_magnetic', 'possible_species', 'grain_boundaries', 'formula_anonymous', 'total_magnetization_normalized_vol', 'deprecated', 'xas', 'formation_energy_per_atom', 'deprecation_reasons', 'property_name', 'builder_meta', 'origins', 'num_unique_magnetic_sites', 'universal_anisotropy', 'has_props', 'num_magnetic_sites', 'uncorrected_energy_per_atom', 'e_electronic']",[]
1.0116,ReH8(NCl3)2,False,mp-aaabjzzo,2.8749594640602134,True,0.0,"['prop_origins', 'energy_per_atom', 'weighted_surface_energy', 'bulk_modulus', 'shear_modulus', 'decomposes_to', 'last_updated', 'surface_anisotropy', 'e_total', 'e_ionic', 'theoretical', 'e_ij_max', 'n', 'bandstructure', 'database_IDs', 'total_magnetization', 'warnings', 'weighted_surface_energy_EV_PER_ANG2', 'dos_energy_down', 'phonon_IDs', 'is_gap_direct', 'chemsys', 'symmetry', 'shape_factor', 'has_reconstructed', 'equilibrium_reaction_energy_per_atom', 'dos_energy_up', 'total_magnetization_normalized_formula_units', 'cbm', 'composition_reduced', 'volume', 'weighted_work_function', 'composition', 'nelements', 'dos', 'ordering', 'elements', 'nsites', 'task_ids', 'vbm', 'homogeneous_poisson', 'structure', 'efermi', 'density_atomic', 'types_of_magnetic_species', 'is_magnetic', 'possible_species', 'grain_boundaries', 'formula_anonymous', 'total_magnetization_normalized_vol', 'deprecated', 'xas', 'formation_energy_per_atom', 'deprecation_reasons', 'property_name', 'builder_meta', 'origins', 'num_unique_magnetic_sites', 'universal_anisotropy', 'has_props', 'num_magnetic_sites', 'uncorrected_energy_per_atom', 'e_electronic']",[]
2.0629999999999997,NaV3H6(SO7)2,False,mp-aaabkrdm,2.8752872202295605,True,0.0,"['prop_origins', 'energy_per_atom', 'weighted_surface_energy', 'bulk_modulus', 'shear_modulus', 'decomposes_to', 'last_updated', 'surface_anisotropy', 'e_total', 'e_ionic', 'theoretical', 'e_ij_max', 'n', 'bandstructure', 'database_IDs', 'total_magnetization', 'warnings', 'weighted_surface_energy_EV_PER_ANG2', 'dos_energy_down', 'phonon_IDs', 'is_gap_direct', 'chemsys', 'symmetry', 'shape_factor', 'has_reconstructed', 'equilibrium_reaction_energy_per_atom', 'dos_energy_up', 'total_magnetization_normalized_formula_units', 'cbm', 'composition_reduced', 'volume', 'weighted_work_function', 'composition', 'nelements', 'dos', 'ordering', 'elements', 'nsites', 'task_ids', 'vbm', 'homogeneous_poisson', 'structure', 'efermi', 'density_atomic', 'types_of_magnetic_species', 'is_magnetic', 'possible_species', 'grain_boundaries', 'formula_anonymous', 'total_magnetization_normalized_vol', 'deprecated', 'xas', 'formation_energy_per_atom', 'deprecation_reasons', 'property_name', 'builder_meta', 'origins', 'num_unique_magnetic_sites', 'universal_anisotropy', 'has_props', 'num_magnetic_sites', 'uncorrected_energy_per_atom', 'e_electronic']",[]
2.3874,Na2H4Pd,False,mp-aaabkpou,2.879633564175132,True,0.0,"['prop_origins', 'energy_per_atom', 'weighted_surface_energy', 'bulk_modulus', 'shear_modulus', 'decomposes_to', 'last_updated', 'surface_anisotropy', 'e_total', 'e_ionic', 'theoretical', 'e_ij_max', 'n', 'bandstructure', 'database_IDs', 'total_magnetization', 'warnings', 'weighted_surface_energy_EV_PER_ANG2', 'dos_energy_down', 'phonon_IDs', 'is_gap_direct', 'chemsys', 'symmetry', 'shape_factor', 'has_reconstructed', 'equilibrium_reaction_energy_per_atom', 'dos_energy_up', 'total_magnetization_normalized_formula_units', 'cbm', 'composition_reduced', 'volume', 'weighted_work_function', 'composition', 'nelements', 'dos', 'ordering', 'elements', 'nsites', 'task_ids', 'vbm', 'homogeneous_poisson', 'structure', 'efermi', 'density_atomic', 'types_of_magnetic_species', 'is_magnetic', 'possible_species', 'grain_boundaries', 'formula_anonymous', 'total_magnetization_normalized_vol', 'deprecated', 'xas', 'formation_energy_per_atom', 'deprecation_reasons', 'property_name', 'builder_meta', 'origins', 'num_unique_magnetic_sites', 'universal_anisotropy', 'has_props', 'num_magnetic_sites', 'uncorrected_energy_per_atom', 'e_electronic']",[]
2.3466000000000005,Cs3P7,False,mp-aaabeumb,2.8910588044663625,True,0.0,"['prop_origins', 'energy_per_atom', 'weighted_surface_energy', 'bulk_modulus', 'shear_modulus', 'decomposes_to', 'last_updated', 'surface_anisotropy', 'e_total', 'e_ionic', 'theoretical', 'e_ij_max', 'n', 'bandstructure', 'database_IDs', 'total_magnetization', 'warnings', 'weighted_surface_energy_EV_PER_ANG2', 'dos_energy_down', 'phonon_IDs', 'is_gap_direct', 'chemsys', 'symmetry', 'shape_factor', 'has_reconstructed', 'equilibrium_reaction_energy_per_atom', 'dos_energy_up', 'total_magnetization_normalized_formula_units', 'cbm', 'composition_reduced', 'volume', 'weighted_work_function', 'composition', 'nelements', 'dos', 'ordering', 'elements', 'nsites', 'task_ids', 'vbm', 'homogeneous_poisson', 'structure', 'efermi', 'density_atomic', 'types_of_magnetic_species', 'is_magnetic', 'possible_species', 'grain_boundaries', 'formula_anonymous', 'total_magnetization_normalized_vol', 'deprecated', 'xas', 'formation_energy_per_atom', 'deprecation_reasons', 'property_name', 'builder_meta', 'origins', 'num_unique_magnetic_sites', 'universal_anisotropy', 'has_props', 'num_magnetic_sites', 'uncorrected_energy_per_atom', 'e_electronic']",[]
1.6113,K3MnO3,False,mp-aaabeuek,2.8946908657754595,True,0.0,"['prop_origins', 'energy_per_atom', 'weighted_surface_energy', 'bulk_modulus', 'shear_modulus', 'decomposes_to', 'last_updated', 'surface_anisotropy', 'e_total', 'e_ionic', 'theoretical', 'e_ij_max', 'n', 'bandstructure', 'database_IDs', 'total_magnetization', 'warnings', 'weighted_surface_energy_EV_PER_ANG2', 'dos_energy_down', 'phonon_IDs', 'is_gap_direct', 'chemsys', 'symmetry', 'shape_factor', 'has_reconstructed', 'equilibrium_reaction_energy_per_atom', 'dos_energy_up', 'total_magnetization_normalized_formula_units', 'cbm', 'composition_reduced', 'volume', 'weighted_work_function', 'composition', 'nelements', 'dos', 'ordering', 'elements', 'nsites', 'task_ids', 'vbm', 'homogeneous_poisson', 'structure', 'efermi', 'density_atomic', 'types_of_magnetic_species', 'is_magnetic', 'possible_species', 'grain_boundaries', 'formula_anonymous', 'total_magnetization_normalized_vol', 'deprecated', 'xas', 'formation_energy_per_atom', 'deprecation_reasons', 'property_name', 'builder_meta', 'origins', 'num_unique_magnetic_sites', 'universal_anisotropy', 'has_props', 'num_magnetic_sites', 'uncorrected_energy_per_atom', 'e_electronic']",[]
0.5946999999999998,CuAs2H3OF13,False,mp-aaacqlny,2.895532067530759,True,0.0,"['prop_origins', 'energy_per_atom', 'weighted_surface_energy', 'bulk_modulus', 'shear_modulus', 'decomposes_to', 'last_updated', 'surface_anisotropy', 'e_total', 'e_ionic', 'theoretical', 'e_ij_max', 'n', 'bandstructure', 'database_IDs', 'total_magnetization', 'warnings', 'weighted_surface_energy_EV_PER_ANG2', 'dos_energy_down', 'phonon_IDs', 'is_gap_direct', 'chemsys', 'symmetry', 'shape_factor', 'has_reconstructed', 'equilibrium_reaction_energy_per_atom', 'dos_energy_up', 'total_magnetization_normalized_formula_units', 'cbm', 'composition_reduced', 'volume', 'weighted_work_function', 'composition', 'nelements', 'dos', 'ordering', 'elements', 'nsites', 'task_ids', 'vbm', 'homogeneous_poisson', 'structure', 'efermi', 'density_atomic', 'types_of_magnetic_species', 'is_magnetic', 'possible_species', 'grain_boundaries', 'formula_anonymous', 'total_magnetization_normalized_vol', 'deprecated', 'xas', 'formation_energy_per_atom', 'deprecation_reasons', 'property_name', 'builder_meta', 'origins', 'num_unique_magnetic_sites', 'universal_anisotropy', 'has_props', 'num_magnetic_sites', 'uncorrected_energy_per_atom', 'e_electronic']",[]
0.32910000000000017,Na12SnGe8,False,mp-aaabktob,2.8972215046696546,True,0.0,"['prop_origins', 'energy_per_atom', 'weighted_surface_energy', 'bulk_modulus', 'shear_modulus', 'decomposes_to', 'last_updated', 'surface_anisotropy', 'e_total', 'e_ionic', 'theoretical', 'e_ij_max', 'n', 'bandstructure', 'database_IDs', 'total_magnetization', 'warnings', 'weighted_surface_energy_EV_PER_ANG2', 'dos_energy_down', 'phonon_IDs', 'is_gap_direct', 'chemsys', 'symmetry', 'shape_factor', 'has_reconstructed', 'equilibrium_reaction_energy_per_atom', 'dos_energy_up', 'total_magnetization_normalized_formula_units', 'cbm', 'composition_reduced', 'volume', 'weighted_work_function', 'composition', 'nelements', 'dos', 'ordering', 'elements', 'nsites', 'task_ids', 'vbm', 'homogeneous_poisson', 'structure', 'efermi', 'density_atomic', 'types_of_magnetic_species', 'is_magnetic', 'possible_species', 'grain_boundaries', 'formula_anonymous', 'total_magnetization_normalized_vol', 'deprecated', 'xas', 'formation_energy_per_atom', 'deprecation_reasons', 'property_name', 'builder_meta', 'origins', 'num_unique_magnetic_sites', 'universal_anisotropy', 'has_props', 'num_magnetic_sites', 'uncorrected_energy_per_atom', 'e_electronic']",[]
1.5100999999999998,Rb3Nb2S11,False,mp-aaabevkj,2.9032532074887447,True,0.0,"['prop_origins', 'energy_per_atom', 'weighted_surface_energy', 'bulk_modulus', 'shear_modulus', 'decomposes_to', 'last_updated', 'surface_anisotropy', 'e_total', 'e_ionic', 'theoretical', 'e_ij_max', 'n', 'bandstructure', 'database_IDs', 'total_magnetization', 'warnings', 'weighted_surface_energy_EV_PER_ANG2', 'dos_energy_down', 'phonon_IDs', 'is_gap_direct', 'chemsys', 'symmetry', 'shape_factor', 'has_reconstructed', 'equilibrium_reaction_energy_per_atom', 'dos_energy_up', 'total_magnetization_normalized_formula_units', 'cbm', 'composition_reduced', 'volume', 'weighted_work_function', 'composition', 'nelements', 'dos', 'ordering', 'elements', 'nsites', 'task_ids', 'vbm', 'homogeneous_poisson', 'structure', 'efermi', 'density_atomic', 'types_of_magnetic_species', 'is_magnetic', 'possible_species', 'grain_boundaries', 'formula_anonymous', 'total_magnetization_normalized_vol', 'deprecated', 'xas', 'formation_energy_per_atom', 'deprecation_reasons', 'property_name', 'builder_meta', 'origins', 'num_unique_magnetic_sites', 'universal_anisotropy', 'has_props', 'num_magnetic_sites', 'uncorrected_energy_per_atom', 'e_electronic']",[]
1.8072,K2PdC2,False,mp-aaacivin,2.904344702545526,True,0.0,"['prop_origins', 'energy_per_atom', 'weighted_surface_energy', 'bulk_modulus', 'shear_modulus', 'decomposes_to', 'last_updated', 'surface_anisotropy', 'e_total', 'e_ionic', 'theoretical', 'e_ij_max', 'n', 'bandstructure', 'database_IDs', 'total_magnetization', 'warnings', 'weighted_surface_energy_EV_PER_ANG2', 'dos_energy_down', 'phonon_IDs', 'is_gap_direct', 'chemsys', 'symmetry', 'shape_factor', 'has_reconstructed', 'equilibrium_reaction_energy_per_atom', 'dos_energy_up', 'total_magnetization_normalized_formula_units', 'cbm', 'composition_reduced', 'volume', 'weighted_work_function', 'composition', 'nelements', 'dos', 'ordering', 'elements', 'nsites', 'task_ids', 'vbm', 'homogeneous_poisson', 'structure', 'efermi', 'density_atomic', 'types_of_magnetic_species', 'is_magnetic', 'possible_species', 'grain_boundaries', 'formula_anonymous', 'total_magnetization_normalized_vol', 'deprecated', 'xas', 'formation_energy_per_atom', 'deprecation_reasons', 'property_name', 'builder_meta', 'origins', 'num_unique_magnetic_sites', 'universal_anisotropy', 'has_props', 'num_magnetic_sites', 'uncorrected_energy_per_atom', 'e_electronic']",[]
2.7858,Fe(PO3)3,False,mp-aaabevrm,2.9288663660778185,True,0.0,"['prop_origins', 'energy_per_atom', 'weighted_surface_energy', 'bulk_modulus', 'shear_modulus', 'decomposes_to', 'last_updated', 'surface_anisotropy', 'e_total', 'e_ionic', 'theoretical', 'e_ij_max', 'n', 'bandstructure', 'database_IDs', 'total_magnetization', 'warnings', 'weighted_surface_energy_EV_PER_ANG2', 'dos_energy_down', 'phonon_IDs', 'is_gap_direct', 'chemsys', 'symmetry', 'shape_factor', 'has_reconstructed', 'equilibrium_reaction_energy_per_atom', 'dos_energy_up', 'total_magnetization_normalized_formula_units', 'cbm', 'composition_reduced', 'volume', 'weighted_work_function', 'composition', 'nelements', 'dos', 'ordering', 'elements', 'nsites', 'task_ids', 'vbm', 'homogeneous_poisson', 'structure', 'efermi', 'density_atomic', 'types_of_magnetic_species', 'is_magnetic', 'possible_species', 'grain_boundaries', 'formula_anonymous', 'total_magnetization_normalized_vol', 'deprecated', 'xas', 'formation_energy_per_atom', 'deprecation_reasons', 'property_name', 'builder_meta', 'origins', 'num_unique_magnetic_sites', 'universal_anisotropy', 'has_props', 'num_magnetic_sites', 'uncorrected_energy_per_atom', 'e_electronic']",[]
0.28669999999999995,K30Ga9Sb19,False,mp-aaacrtkc,2.929664244495777,True,0.0,"['prop_origins', 'energy_per_atom', 'weighted_surface_energy', 'bulk_modulus', 'shear_modulus', 'decomposes_to', 'last_updated', 'surface_anisotropy', 'e_total', 'e_ionic', 'theoretical', 'e_ij_max', 'n', 'bandstructure', 'database_IDs', 'total_magnetization', 'warnings', 'weighted_surface_energy_EV_PER_ANG2', 'dos_energy_down', 'phonon_IDs', 'is_gap_direct', 'chemsys', 'symmetry', 'shape_factor', 'has_reconstructed', 'equilibrium_reaction_energy_per_atom', 'dos_energy_up', 'total_magnetization_normalized_formula_units', 'cbm', 'composition_reduced', 'volume', 'weighted_work_function', 'composition', 'nelements', 'dos', 'ordering', 'elements', 'nsites', 'task_ids', 'vbm', 'homogeneous_poisson', 'structure', 'efermi', 'density_atomic', 'types_of_magnetic_species', 'is_magnetic', 'possible_species', 'grain_boundaries', 'formula_anonymous', 'total_magnetization_normalized_vol', 'deprecated', 'xas', 'formation_energy_per_atom', 'deprecation_reasons', 'property_name', 'builder_meta', 'origins', 'num_unique_magnetic_sites', 'universal_anisotropy', 'has_props', 'num_magnetic_sites', 'uncorrected_energy_per_atom', 'e_electronic']",[]
2.3390999999999997,Rb2Ge2S5,False,mp-aaabevpn,2.9364044152992466,True,0.0,"['prop_origins', 'energy_per_atom', 'weighted_surface_energy', 'bulk_modulus', 'shear_modulus', 'decomposes_to', 'last_updated', 'surface_anisotropy', 'e_total', 'e_ionic', 'theoretical', 'e_ij_max', 'n', 'bandstructure', 'database_IDs', 'total_magnetization', 'warnings', 'weighted_surface_energy_EV_PER_ANG2', 'dos_energy_down', 'phonon_IDs', 'is_gap_direct', 'chemsys', 'symmetry', 'shape_factor', 'has_reconstructed', 'equilibrium_reaction_energy_per_atom', 'dos_energy_up', 'total_magnetization_normalized_formula_units', 'cbm', 'composition_reduced', 'volume', 'weighted_work_function', 'composition', 'nelements', 'dos', 'ordering', 'elements', 'nsites', 'task_ids', 'vbm', 'homogeneous_poisson', 'structure', 'efermi', 'density_atomic', 'types_of_magnetic_species', 'is_magnetic', 'possible_species', 'grain_boundaries', 'formula_anonymous', 'total_magnetization_normalized_vol', 'deprecated', 'xas', 'formation_energy_per_atom', 'deprecation_reasons', 'property_name', 'builder_meta', 'origins', 'num_unique_magnetic_sites', 'universal_anisotropy', 'has_props', 'num_magnetic_sites', 'uncorrected_energy_per_atom', 'e_electronic']",[]
0.00140000000000029,Li5GeN3,False,mp-aaabegij,2.938581230732353,True,0.0,"['prop_origins', 'energy_per_atom', 'weighted_surface_energy', 'bulk_modulus', 'shear_modulus', 'decomposes_to', 'last_updated', 'surface_anisotropy', 'e_total', 'e_ionic', 'theoretical', 'e_ij_max', 'n', 'bandstructure', 'database_IDs', 'total_magnetization', 'warnings', 'weighted_surface_energy_EV_PER_ANG2', 'dos_energy_down', 'phonon_IDs', 'is_gap_direct', 'chemsys', 'symmetry', 'shape_factor', 'has_reconstructed', 'equilibrium_reaction_energy_per_atom', 'dos_energy_up', 'total_magnetization_normalized_formula_units', 'cbm', 'composition_reduced', 'volume', 'weighted_work_function', 'composition', 'nelements', 'dos', 'ordering', 'elements', 'nsites', 'task_ids', 'vbm', 'homogeneous_poisson', 'structure', 'efermi', 'density_atomic', 'types_of_magnetic_species', 'is_magnetic', 'possible_species', 'grain_boundaries', 'formula_anonymous', 'total_magnetization_normalized_vol', 'deprecated', 'xas', 'formation_energy_per_atom', 'deprecation_reasons', 'property_name', 'builder_meta', 'origins', 'num_unique_magnetic_sites', 'universal_anisotropy', 'has_props', 'num_magnetic_sites', 'uncorrected_energy_per_atom', 'e_electronic']",[]
0.19469999999999965,Mg2CoH5,False,mp-aaabkors,2.9413711007550574,True,0.0,"['prop_origins', 'energy_per_atom', 'weighted_surface_energy', 'bulk_modulus', 'shear_modulus', 'decomposes_to', 'last_updated', 'surface_anisotropy', 'e_total', 'e_ionic', 'theoretical', 'e_ij_max', 'n', 'bandstructure', 'database_IDs', 'total_magnetization', 'warnings', 'weighted_surface_energy_EV_PER_ANG2', 'dos_energy_down', 'phonon_IDs', 'is_gap_direct', 'chemsys', 'symmetry', 'shape_factor', 'has_reconstructed', 'equilibrium_reaction_energy_per_atom', 'dos_energy_up', 'total_magnetization_normalized_formula_units', 'cbm', 'composition_reduced', 'volume', 'weighted_work_function', 'composition', 'nelements', 'dos', 'ordering', 'elements', 'nsites', 'task_ids', 'vbm', 'homogeneous_poisson', 'structure', 'efermi', 'density_atomic', 'types_of_magnetic_species', 'is_magnetic', 'possible_species', 'grain_boundaries', 'formula_anonymous', 'total_magnetization_normalized_vol', 'deprecated', 'xas', 'formation_energy_per_atom', 'deprecation_reasons', 'property_name', 'builder_meta', 'origins', 'num_unique_magnetic_sites', 'universal_anisotropy', 'has_props', 'num_magnetic_sites', 'uncorrected_energy_per_atom', 'e_electronic']",[]
1.7242999999999997,SrMg2FeH8,False,mp-aaabkpey,2.9475541203369757,True,0.0,"['prop_origins', 'energy_per_atom', 'weighted_surface_energy', 'bulk_modulus', 'shear_modulus', 'decomposes_to', 'last_updated', 'surface_anisotropy', 'e_total', 'e_ionic', 'theoretical', 'e_ij_max', 'n', 'bandstructure', 'database_IDs', 'total_magnetization', 'warnings', 'weighted_surface_energy_EV_PER_ANG2', 'dos_energy_down', 'phonon_IDs', 'is_gap_direct', 'chemsys', 'symmetry', 'shape_factor', 'has_reconstructed', 'equilibrium_reaction_energy_per_atom', 'dos_energy_up', 'total_magnetization_normalized_formula_units', 'cbm', 'composition_reduced', 'volume', 'weighted_work_function', 'composition', 'nelements', 'dos', 'ordering', 'elements', 'nsites', 'task_ids', 'vbm', 'homogeneous_poisson', 'structure', 'efermi', 'density_atomic', 'types_of_magnetic_species', 'is_magnetic', 'possible_species', 'grain_boundaries', 'formula_anonymous', 'total_magnetization_normalized_vol', 'deprecated', 'xas', 'formation_energy_per_atom', 'deprecation_reasons', 'property_name', 'builder_meta', 'origins', 'num_unique_magnetic_sites', 'universal_anisotropy', 'has_props', 'num_magnetic_sites', 'uncorrected_energy_per_atom', 'e_electronic']",[]
1.3285,Al(TeCl2)2,False,mp-aaabettk,2.956911338579706,True,0.0,"['prop_origins', 'energy_per_atom', 'weighted_surface_energy', 'bulk_modulus', 'shear_modulus', 'decomposes_to', 'last_updated', 'surface_anisotropy', 'e_total', 'e_ionic', 'theoretical', 'e_ij_max', 'n', 'bandstructure', 'database_IDs', 'total_magnetization', 'warnings', 'weighted_surface_energy_EV_PER_ANG2', 'dos_energy_down', 'phonon_IDs', 'is_gap_direct', 'chemsys', 'symmetry', 'shape_factor', 'has_reconstructed', 'equilibrium_reaction_energy_per_atom', 'dos_energy_up', 'total_magnetization_normalized_formula_units', 'cbm', 'composition_reduced', 'volume', 'weighted_work_function', 'composition', 'nelements', 'dos', 'ordering', 'elements', 'nsites', 'task_ids', 'vbm', 'homogeneous_poisson', 'structure', 'efermi', 'density_atomic', 'types_of_magnetic_species', 'is_magnetic', 'possible_species', 'grain_boundaries', 'formula_anonymous', 'total_magnetization_normalized_vol', 'deprecated', 'xas', 'formation_energy_per_atom', 'deprecation_reasons', 'property_name', 'builder_meta', 'origins', 'num_unique_magnetic_sites', 'universal_anisotropy', 'has_props', 'num_magnetic_sites', 'uncorrected_energy_per_atom', 'e_electronic']",[]
