elements,density,nsites,material_id,band_gap,is_metal,is_stable,volume,formation_energy_per_atom,energy_above_hull,formula_pretty,nelements,fields_not_requested,unavailable_fields,element_fraction_similarity,composition_descriptor_similarity,composition_similarity,property_similarity,similarity_score,shared_elements,similarity_reasons,reference_material_id,reference_formula,similarity_profile,score_note
"['Ca', 'Li', 'Pb']",5.100506961804257,4,mp-aaabxgxo,0.0,True,True,85.02417239829462,-0.4183978091666667,0.0,Li2CaPb,3,"['weighted_work_function', 'database_IDs', 'weighted_surface_energy_EV_PER_ANG2', 'deprecation_reasons', 'e_total', 'num_unique_magnetic_sites', 'cbm', 'dos', 'shear_modulus', 'warnings', 'weighted_surface_energy', 'is_gap_direct', 'task_ids', 'shape_factor', 'decomposes_to', 'num_magnetic_sites', 'theoretical', 'density_atomic', 'symmetry', 'homogeneous_poisson', 'grain_boundaries', 'total_magnetization_normalized_vol', 'ordering', 'property_name', 'dos_energy_up', 'origins', 'total_magnetization', 'structure', 'prop_origins', 'vbm', 'composition', 'n', 'surface_anisotropy', 'e_ij_max', 'bulk_modulus', 'uncorrected_energy_per_atom', 'xas', 'dos_energy_down', 'deprecated', 'last_updated', 'formula_anonymous', 'e_ionic', 'equilibrium_reaction_energy_per_atom', 'possible_species', 'universal_anisotropy', 'bandstructure', 'phonon_IDs', 'is_magnetic', 'chemsys', 'has_reconstructed', 'e_electronic', 'builder_meta', 'types_of_magnetic_species', 'efermi', 'composition_reduced', 'total_magnetization_normalized_formula_units', 'has_props', 'energy_per_atom']",[],0.0,0.3130420012457319,0.15652100062286595,0.9381254409615767,0.9381254409615767,none,"shared elements: none; composition descriptor score: 0.31; close database properties: band_gap, density, formation_energy_per_atom, energy_above_hull",mp-2534,GaAs,properties,Relative similarity score; not a probability.
"['Al', 'Tb']",5.091299873929601,8,mp-aaabxixc,0.0,True,True,156.4682731461171,-0.4887353237499994,0.0,TbAl3,2,"['weighted_work_function', 'database_IDs', 'weighted_surface_energy_EV_PER_ANG2', 'deprecation_reasons', 'e_total', 'num_unique_magnetic_sites', 'cbm', 'dos', 'shear_modulus', 'warnings', 'weighted_surface_energy', 'is_gap_direct', 'task_ids', 'shape_factor', 'decomposes_to', 'num_magnetic_sites', 'theoretical', 'density_atomic', 'symmetry', 'homogeneous_poisson', 'grain_boundaries', 'total_magnetization_normalized_vol', 'ordering', 'property_name', 'dos_energy_up', 'origins', 'total_magnetization', 'structure', 'prop_origins', 'vbm', 'composition', 'n', 'surface_anisotropy', 'e_ij_max', 'bulk_modulus', 'uncorrected_energy_per_atom', 'xas', 'dos_energy_down', 'deprecated', 'last_updated', 'formula_anonymous', 'e_ionic', 'equilibrium_reaction_energy_per_atom', 'possible_species', 'universal_anisotropy', 'bandstructure', 'phonon_IDs', 'is_magnetic', 'chemsys', 'has_reconstructed', 'e_electronic', 'builder_meta', 'types_of_magnetic_species', 'efermi', 'composition_reduced', 'total_magnetization_normalized_formula_units', 'has_props', 'energy_per_atom']",[],0.0,0.39258362879503206,0.19629181439751603,0.9368213071308638,0.9368213071308638,none,"shared elements: none; composition descriptor score: 0.39; close database properties: band_gap, density, formation_energy_per_atom, energy_above_hull",mp-2534,GaAs,properties,Relative similarity score; not a probability.
"['In', 'La', 'Li']",4.953245748606204,4,mp-aaabxhjd,0.0,True,True,89.71275816806389,-0.4119474170833328,0.0,Li2LaIn,3,"['weighted_work_function', 'database_IDs', 'weighted_surface_energy_EV_PER_ANG2', 'deprecation_reasons', 'e_total', 'num_unique_magnetic_sites', 'cbm', 'dos', 'shear_modulus', 'warnings', 'weighted_surface_energy', 'is_gap_direct', 'task_ids', 'shape_factor', 'decomposes_to', 'num_magnetic_sites', 'theoretical', 'density_atomic', 'symmetry', 'homogeneous_poisson', 'grain_boundaries', 'total_magnetization_normalized_vol', 'ordering', 'property_name', 'dos_energy_up', 'origins', 'total_magnetization', 'structure', 'prop_origins', 'vbm', 'composition', 'n', 'surface_anisotropy', 'e_ij_max', 'bulk_modulus', 'uncorrected_energy_per_atom', 'xas', 'dos_energy_down', 'deprecated', 'last_updated', 'formula_anonymous', 'e_ionic', 'equilibrium_reaction_energy_per_atom', 'possible_species', 'universal_anisotropy', 'bandstructure', 'phonon_IDs', 'is_magnetic', 'chemsys', 'has_reconstructed', 'e_electronic', 'builder_meta', 'types_of_magnetic_species', 'efermi', 'composition_reduced', 'total_magnetization_normalized_formula_units', 'has_props', 'energy_per_atom']",[],0.0,0.3404877998956137,0.17024389994780684,0.9360796955735944,0.9360796955735944,none,"shared elements: none; composition descriptor score: 0.34; close database properties: band_gap, density, formation_energy_per_atom, energy_above_hull",mp-2534,GaAs,properties,Relative similarity score; not a probability.
"['In', 'Li', 'Pr']",5.161409470311169,4,mp-aaabxhjg,0.0,True,True,86.73871714303627,-0.4087620712499991,0.0,Li2PrIn,3,"['weighted_work_function', 'database_IDs', 'weighted_surface_energy_EV_PER_ANG2', 'deprecation_reasons', 'e_total', 'num_unique_magnetic_sites', 'cbm', 'dos', 'shear_modulus', 'warnings', 'weighted_surface_energy', 'is_gap_direct', 'task_ids', 'shape_factor', 'decomposes_to', 'num_magnetic_sites', 'theoretical', 'density_atomic', 'symmetry', 'homogeneous_poisson', 'grain_boundaries', 'total_magnetization_normalized_vol', 'ordering', 'property_name', 'dos_energy_up', 'origins', 'total_magnetization', 'structure', 'prop_origins', 'vbm', 'composition', 'n', 'surface_anisotropy', 'e_ij_max', 'bulk_modulus', 'uncorrected_energy_per_atom', 'xas', 'dos_energy_down', 'deprecated', 'last_updated', 'formula_anonymous', 'e_ionic', 'equilibrium_reaction_energy_per_atom', 'possible_species', 'universal_anisotropy', 'bandstructure', 'phonon_IDs', 'is_magnetic', 'chemsys', 'has_reconstructed', 'e_electronic', 'builder_meta', 'types_of_magnetic_species', 'efermi', 'composition_reduced', 'total_magnetization_normalized_formula_units', 'has_props', 'energy_per_atom']",[],0.0,0.34095374547078944,0.17047687273539472,0.9354454235974168,0.9354454235974168,none,"shared elements: none; composition descriptor score: 0.34; close database properties: band_gap, density, formation_energy_per_atom, energy_above_hull",mp-2534,GaAs,properties,Relative similarity score; not a probability.
"['Ce', 'Ge', 'Mg']",4.946780827871151,21,mp-aaacpwpe,0.0,True,True,495.5117735123991,-0.492349678095237,0.0,Ce5(MgGe)8,3,"['weighted_work_function', 'database_IDs', 'weighted_surface_energy_EV_PER_ANG2', 'deprecation_reasons', 'e_total', 'num_unique_magnetic_sites', 'cbm', 'dos', 'shear_modulus', 'warnings', 'weighted_surface_energy', 'is_gap_direct', 'task_ids', 'shape_factor', 'decomposes_to', 'num_magnetic_sites', 'theoretical', 'density_atomic', 'symmetry', 'homogeneous_poisson', 'grain_boundaries', 'total_magnetization_normalized_vol', 'ordering', 'property_name', 'dos_energy_up', 'origins', 'total_magnetization', 'structure', 'prop_origins', 'vbm', 'composition', 'n', 'surface_anisotropy', 'e_ij_max', 'bulk_modulus', 'uncorrected_energy_per_atom', 'xas', 'dos_energy_down', 'deprecated', 'last_updated', 'formula_anonymous', 'e_ionic', 'equilibrium_reaction_energy_per_atom', 'possible_species', 'universal_anisotropy', 'bandstructure', 'phonon_IDs', 'is_magnetic', 'chemsys', 'has_reconstructed', 'e_electronic', 'builder_meta', 'types_of_magnetic_species', 'efermi', 'composition_reduced', 'total_magnetization_normalized_formula_units', 'has_props', 'energy_per_atom']",[],0.0,0.38574229399235316,0.19287114699617658,0.9345471218422196,0.9345471218422196,none,"shared elements: none; composition descriptor score: 0.39; close database properties: band_gap, density, formation_energy_per_atom, energy_above_hull",mp-2534,GaAs,properties,Relative similarity score; not a probability.
"['As', 'Cd', 'Li']",5.217348174940629,3,mp-aaacfydb,0.0,True,True,61.8319675135362,-0.4600412636111093,0.0,LiCdAs,3,"['weighted_work_function', 'database_IDs', 'weighted_surface_energy_EV_PER_ANG2', 'deprecation_reasons', 'e_total', 'num_unique_magnetic_sites', 'cbm', 'dos', 'shear_modulus', 'warnings', 'weighted_surface_energy', 'is_gap_direct', 'task_ids', 'shape_factor', 'decomposes_to', 'num_magnetic_sites', 'theoretical', 'density_atomic', 'symmetry', 'homogeneous_poisson', 'grain_boundaries', 'total_magnetization_normalized_vol', 'ordering', 'property_name', 'dos_energy_up', 'origins', 'total_magnetization', 'structure', 'prop_origins', 'vbm', 'composition', 'n', 'surface_anisotropy', 'e_ij_max', 'bulk_modulus', 'uncorrected_energy_per_atom', 'xas', 'dos_energy_down', 'deprecated', 'last_updated', 'formula_anonymous', 'e_ionic', 'equilibrium_reaction_energy_per_atom', 'possible_species', 'universal_anisotropy', 'bandstructure', 'phonon_IDs', 'is_magnetic', 'chemsys', 'has_reconstructed', 'e_electronic', 'builder_meta', 'types_of_magnetic_species', 'efermi', 'composition_reduced', 'total_magnetization_normalized_formula_units', 'has_props', 'energy_per_atom']",[],0.40824829046386296,0.37802294440265594,0.3931356174332594,0.9343017886572743,0.9343017886572743,As,"shared elements: As; composition descriptor score: 0.38; close database properties: band_gap, density, formation_energy_per_atom, energy_above_hull",mp-2534,GaAs,properties,Relative similarity score; not a probability.
"['In', 'Sr']",4.880555992307036,16,mp-aaablhqb,0.0,True,False,551.0129723972306,-0.4159639308333318,0.0041066468750008,SrIn,2,"['weighted_work_function', 'database_IDs', 'weighted_surface_energy_EV_PER_ANG2', 'deprecation_reasons', 'e_total', 'num_unique_magnetic_sites', 'cbm', 'dos', 'shear_modulus', 'warnings', 'weighted_surface_energy', 'is_gap_direct', 'task_ids', 'shape_factor', 'decomposes_to', 'num_magnetic_sites', 'theoretical', 'density_atomic', 'symmetry', 'homogeneous_poisson', 'grain_boundaries', 'total_magnetization_normalized_vol', 'ordering', 'property_name', 'dos_energy_up', 'origins', 'total_magnetization', 'structure', 'prop_origins', 'vbm', 'composition', 'n', 'surface_anisotropy', 'e_ij_max', 'bulk_modulus', 'uncorrected_energy_per_atom', 'xas', 'dos_energy_down', 'deprecated', 'last_updated', 'formula_anonymous', 'e_ionic', 'equilibrium_reaction_energy_per_atom', 'possible_species', 'universal_anisotropy', 'bandstructure', 'phonon_IDs', 'is_magnetic', 'chemsys', 'has_reconstructed', 'e_electronic', 'builder_meta', 'types_of_magnetic_species', 'efermi', 'composition_reduced', 'total_magnetization_normalized_formula_units', 'has_props', 'energy_per_atom']",[],0.0,0.4475206675884915,0.22376033379424576,0.932502258381913,0.932502258381913,none,"shared elements: none; composition descriptor score: 0.45; close database properties: band_gap, density, formation_energy_per_atom, energy_above_hull",mp-2534,GaAs,properties,Relative similarity score; not a probability.
"['Ga', 'Sc', 'Zn']",5.045151725796945,4,mp-aaabxixm,0.0,True,True,74.06993531242644,-0.5209366343750004,0.0,Sc2ZnGa,3,"['weighted_work_function', 'database_IDs', 'weighted_surface_energy_EV_PER_ANG2', 'deprecation_reasons', 'e_total', 'num_unique_magnetic_sites', 'cbm', 'dos', 'shear_modulus', 'warnings', 'weighted_surface_energy', 'is_gap_direct', 'task_ids', 'shape_factor', 'decomposes_to', 'num_magnetic_sites', 'theoretical', 'density_atomic', 'symmetry', 'homogeneous_poisson', 'grain_boundaries', 'total_magnetization_normalized_vol', 'ordering', 'property_name', 'dos_energy_up', 'origins', 'total_magnetization', 'structure', 'prop_origins', 'vbm', 'composition', 'n', 'surface_anisotropy', 'e_ij_max', 'bulk_modulus', 'uncorrected_energy_per_atom', 'xas', 'dos_energy_down', 'deprecated', 'last_updated', 'formula_anonymous', 'e_ionic', 'equilibrium_reaction_energy_per_atom', 'possible_species', 'universal_anisotropy', 'bandstructure', 'phonon_IDs', 'is_magnetic', 'chemsys', 'has_reconstructed', 'e_electronic', 'builder_meta', 'types_of_magnetic_species', 'efermi', 'composition_reduced', 'total_magnetization_normalized_formula_units', 'has_props', 'energy_per_atom']",[],0.2886751345948129,0.5079366036651586,0.3983058691299858,0.932020034113873,0.932020034113873,Ga,"shared elements: Ga; composition descriptor score: 0.51; close database properties: band_gap, density, formation_energy_per_atom, energy_above_hull",mp-2534,GaAs,properties,Relative similarity score; not a probability.
"['Mg', 'Ru', 'Sc']",5.271655600439706,6,mp-aaacfzcp,0.0,True,True,113.81128808496788,-0.4710315833333342,0.0,MgSc3Ru2,3,"['weighted_work_function', 'database_IDs', 'weighted_surface_energy_EV_PER_ANG2', 'deprecation_reasons', 'e_total', 'num_unique_magnetic_sites', 'cbm', 'dos', 'shear_modulus', 'warnings', 'weighted_surface_energy', 'is_gap_direct', 'task_ids', 'shape_factor', 'decomposes_to', 'num_magnetic_sites', 'theoretical', 'density_atomic', 'symmetry', 'homogeneous_poisson', 'grain_boundaries', 'total_magnetization_normalized_vol', 'ordering', 'property_name', 'dos_energy_up', 'origins', 'total_magnetization', 'structure', 'prop_origins', 'vbm', 'composition', 'n', 'surface_anisotropy', 'e_ij_max', 'bulk_modulus', 'uncorrected_energy_per_atom', 'xas', 'dos_energy_down', 'deprecated', 'last_updated', 'formula_anonymous', 'e_ionic', 'equilibrium_reaction_energy_per_atom', 'possible_species', 'universal_anisotropy', 'bandstructure', 'phonon_IDs', 'is_magnetic', 'chemsys', 'has_reconstructed', 'e_electronic', 'builder_meta', 'types_of_magnetic_species', 'efermi', 'composition_reduced', 'total_magnetization_normalized_formula_units', 'has_props', 'energy_per_atom']",[],0.0,0.44074056947774876,0.22037028473887438,0.9301330891868903,0.9301330891868903,none,"shared elements: none; composition descriptor score: 0.44; close database properties: band_gap, density, formation_energy_per_atom, energy_above_hull",mp-2534,GaAs,properties,Relative similarity score; not a probability.
"['Ga', 'Li', 'Nd']",4.831134740665832,4,mp-aaacpkyk,0.1349999999999998,False,False,78.31469531401864,-0.3292322297916641,0.0173343583333345,Li2NdGa,3,"['weighted_work_function', 'database_IDs', 'weighted_surface_energy_EV_PER_ANG2', 'deprecation_reasons', 'e_total', 'num_unique_magnetic_sites', 'cbm', 'dos', 'shear_modulus', 'warnings', 'weighted_surface_energy', 'is_gap_direct', 'task_ids', 'shape_factor', 'decomposes_to', 'num_magnetic_sites', 'theoretical', 'density_atomic', 'symmetry', 'homogeneous_poisson', 'grain_boundaries', 'total_magnetization_normalized_vol', 'ordering', 'property_name', 'dos_energy_up', 'origins', 'total_magnetization', 'structure', 'prop_origins', 'vbm', 'composition', 'n', 'surface_anisotropy', 'e_ij_max', 'bulk_modulus', 'uncorrected_energy_per_atom', 'xas', 'dos_energy_down', 'deprecated', 'last_updated', 'formula_anonymous', 'e_ionic', 'equilibrium_reaction_energy_per_atom', 'possible_species', 'universal_anisotropy', 'bandstructure', 'phonon_IDs', 'is_magnetic', 'chemsys', 'has_reconstructed', 'e_electronic', 'builder_meta', 'types_of_magnetic_species', 'efermi', 'composition_reduced', 'total_magnetization_normalized_formula_units', 'has_props', 'energy_per_atom']",[],0.2886751345948129,0.3441077125255627,0.3163914235601878,0.9301153094636934,0.9301153094636934,Ga,"shared elements: Ga; composition descriptor score: 0.34; close database properties: band_gap, density, formation_energy_per_atom, energy_above_hull",mp-2534,GaAs,properties,Relative similarity score; not a probability.
"['Cd', 'Sn', 'Sr']",5.123148990550856,4,mp-aaabxitx,0.0,True,True,131.71163240225147,-0.5273631212499996,0.0,Sr2CdSn,3,"['weighted_work_function', 'database_IDs', 'weighted_surface_energy_EV_PER_ANG2', 'deprecation_reasons', 'e_total', 'num_unique_magnetic_sites', 'cbm', 'dos', 'shear_modulus', 'warnings', 'weighted_surface_energy', 'is_gap_direct', 'task_ids', 'shape_factor', 'decomposes_to', 'num_magnetic_sites', 'theoretical', 'density_atomic', 'symmetry', 'homogeneous_poisson', 'grain_boundaries', 'total_magnetization_normalized_vol', 'ordering', 'property_name', 'dos_energy_up', 'origins', 'total_magnetization', 'structure', 'prop_origins', 'vbm', 'composition', 'n', 'surface_anisotropy', 'e_ij_max', 'bulk_modulus', 'uncorrected_energy_per_atom', 'xas', 'dos_energy_down', 'deprecated', 'last_updated', 'formula_anonymous', 'e_ionic', 'equilibrium_reaction_energy_per_atom', 'possible_species', 'universal_anisotropy', 'bandstructure', 'phonon_IDs', 'is_magnetic', 'chemsys', 'has_reconstructed', 'e_electronic', 'builder_meta', 'types_of_magnetic_species', 'efermi', 'composition_reduced', 'total_magnetization_normalized_formula_units', 'has_props', 'energy_per_atom']",[],0.0,0.4363903991994617,0.21819519959973085,0.9299361305514577,0.9299361305514577,none,"shared elements: none; composition descriptor score: 0.44; close database properties: band_gap, density, formation_energy_per_atom, energy_above_hull",mp-2534,GaAs,properties,Relative similarity score; not a probability.
"['Mg', 'Pd']",4.865423410727028,3,mp-aaacpmcp,0.0,True,False,52.910784966235845,-0.5049591166666664,0.0069913930555558,Mg2Pd,2,"['weighted_work_function', 'database_IDs', 'weighted_surface_energy_EV_PER_ANG2', 'deprecation_reasons', 'e_total', 'num_unique_magnetic_sites', 'cbm', 'dos', 'shear_modulus', 'warnings', 'weighted_surface_energy', 'is_gap_direct', 'task_ids', 'shape_factor', 'decomposes_to', 'num_magnetic_sites', 'theoretical', 'density_atomic', 'symmetry', 'homogeneous_poisson', 'grain_boundaries', 'total_magnetization_normalized_vol', 'ordering', 'property_name', 'dos_energy_up', 'origins', 'total_magnetization', 'structure', 'prop_origins', 'vbm', 'composition', 'n', 'surface_anisotropy', 'e_ij_max', 'bulk_modulus', 'uncorrected_energy_per_atom', 'xas', 'dos_energy_down', 'deprecated', 'last_updated', 'formula_anonymous', 'e_ionic', 'equilibrium_reaction_energy_per_atom', 'possible_species', 'universal_anisotropy', 'bandstructure', 'phonon_IDs', 'is_magnetic', 'chemsys', 'has_reconstructed', 'e_electronic', 'builder_meta', 'types_of_magnetic_species', 'efermi', 'composition_reduced', 'total_magnetization_normalized_formula_units', 'has_props', 'energy_per_atom']",[],0.0,0.43505182661941394,0.21752591330970697,0.9278587352003401,0.9278587352003401,none,"shared elements: none; composition descriptor score: 0.44; close database properties: band_gap, density, formation_energy_per_atom, energy_above_hull",mp-2534,GaAs,properties,Relative similarity score; not a probability.
"['Ba', 'In', 'N']",5.301143521984128,24,mp-aaabmgny,0.0,True,True,884.6312608720974,-0.4749397827777765,0.0,Ba6In5N,3,"['weighted_work_function', 'database_IDs', 'weighted_surface_energy_EV_PER_ANG2', 'deprecation_reasons', 'e_total', 'num_unique_magnetic_sites', 'cbm', 'dos', 'shear_modulus', 'warnings', 'weighted_surface_energy', 'is_gap_direct', 'task_ids', 'shape_factor', 'decomposes_to', 'num_magnetic_sites', 'theoretical', 'density_atomic', 'symmetry', 'homogeneous_poisson', 'grain_boundaries', 'total_magnetization_normalized_vol', 'ordering', 'property_name', 'dos_energy_up', 'origins', 'total_magnetization', 'structure', 'prop_origins', 'vbm', 'composition', 'n', 'surface_anisotropy', 'e_ij_max', 'bulk_modulus', 'uncorrected_energy_per_atom', 'xas', 'dos_energy_down', 'deprecated', 'last_updated', 'formula_anonymous', 'e_ionic', 'equilibrium_reaction_energy_per_atom', 'possible_species', 'universal_anisotropy', 'bandstructure', 'phonon_IDs', 'is_magnetic', 'chemsys', 'has_reconstructed', 'e_electronic', 'builder_meta', 'types_of_magnetic_species', 'efermi', 'composition_reduced', 'total_magnetization_normalized_formula_units', 'has_props', 'energy_per_atom']",[],0.0,0.34088126655518497,0.17044063327759248,0.9276182106085397,0.9276182106085397,none,"shared elements: none; composition descriptor score: 0.34; close database properties: band_gap, density, formation_energy_per_atom, energy_above_hull",mp-2534,GaAs,properties,Relative similarity score; not a probability.
"['In', 'Li', 'Nd']",5.3209273679914455,4,mp-aaabxhir,0.0,True,True,85.17892149319998,-0.411125192708333,0.0,Li2NdIn,3,"['weighted_work_function', 'database_IDs', 'weighted_surface_energy_EV_PER_ANG2', 'deprecation_reasons', 'e_total', 'num_unique_magnetic_sites', 'cbm', 'dos', 'shear_modulus', 'warnings', 'weighted_surface_energy', 'is_gap_direct', 'task_ids', 'shape_factor', 'decomposes_to', 'num_magnetic_sites', 'theoretical', 'density_atomic', 'symmetry', 'homogeneous_poisson', 'grain_boundaries', 'total_magnetization_normalized_vol', 'ordering', 'property_name', 'dos_energy_up', 'origins', 'total_magnetization', 'structure', 'prop_origins', 'vbm', 'composition', 'n', 'surface_anisotropy', 'e_ij_max', 'bulk_modulus', 'uncorrected_energy_per_atom', 'xas', 'dos_energy_down', 'deprecated', 'last_updated', 'formula_anonymous', 'e_ionic', 'equilibrium_reaction_energy_per_atom', 'possible_species', 'universal_anisotropy', 'bandstructure', 'phonon_IDs', 'is_magnetic', 'chemsys', 'has_reconstructed', 'e_electronic', 'builder_meta', 'types_of_magnetic_species', 'efermi', 'composition_reduced', 'total_magnetization_normalized_formula_units', 'has_props', 'energy_per_atom']",[],0.0,0.3398442679993428,0.1699221339996714,0.9255221898564697,0.9255221898564697,none,"shared elements: none; composition descriptor score: 0.34; close database properties: band_gap, density, formation_energy_per_atom, energy_above_hull",mp-2534,GaAs,properties,Relative similarity score; not a probability.
"['Ga', 'Y']",5.244029207912703,32,mp-aaabmgma,0.0,True,False,827.9827898530674,-0.4975373256250002,0.0163863136718749,Y5Ga3,2,"['weighted_work_function', 'database_IDs', 'weighted_surface_energy_EV_PER_ANG2', 'deprecation_reasons', 'e_total', 'num_unique_magnetic_sites', 'cbm', 'dos', 'shear_modulus', 'warnings', 'weighted_surface_energy', 'is_gap_direct', 'task_ids', 'shape_factor', 'decomposes_to', 'num_magnetic_sites', 'theoretical', 'density_atomic', 'symmetry', 'homogeneous_poisson', 'grain_boundaries', 'total_magnetization_normalized_vol', 'ordering', 'property_name', 'dos_energy_up', 'origins', 'total_magnetization', 'structure', 'prop_origins', 'vbm', 'composition', 'n', 'surface_anisotropy', 'e_ij_max', 'bulk_modulus', 'uncorrected_energy_per_atom', 'xas', 'dos_energy_down', 'deprecated', 'last_updated', 'formula_anonymous', 'e_ionic', 'equilibrium_reaction_energy_per_atom', 'possible_species', 'universal_anisotropy', 'bandstructure', 'phonon_IDs', 'is_magnetic', 'chemsys', 'has_reconstructed', 'e_electronic', 'builder_meta', 'types_of_magnetic_species', 'efermi', 'composition_reduced', 'total_magnetization_normalized_formula_units', 'has_props', 'energy_per_atom']",[],0.3638034375544994,0.49032394401436596,0.4270636907844327,0.9248237346795734,0.9248237346795734,Ga,"shared elements: Ga; composition descriptor score: 0.49; close database properties: band_gap, density, formation_energy_per_atom, energy_above_hull",mp-2534,GaAs,properties,Relative similarity score; not a probability.
"['As', 'Pb', 'S', 'Tl']",4.818699444605057,44,mp-aaabkwlg,0.0,True,False,1142.3430813832958,-0.5196644871212115,0.0043548979545429,TlAs3PbS6,4,"['weighted_work_function', 'database_IDs', 'weighted_surface_energy_EV_PER_ANG2', 'deprecation_reasons', 'e_total', 'num_unique_magnetic_sites', 'cbm', 'dos', 'shear_modulus', 'warnings', 'weighted_surface_energy', 'is_gap_direct', 'task_ids', 'shape_factor', 'decomposes_to', 'num_magnetic_sites', 'theoretical', 'density_atomic', 'symmetry', 'homogeneous_poisson', 'grain_boundaries', 'total_magnetization_normalized_vol', 'ordering', 'property_name', 'dos_energy_up', 'origins', 'total_magnetization', 'structure', 'prop_origins', 'vbm', 'composition', 'n', 'surface_anisotropy', 'e_ij_max', 'bulk_modulus', 'uncorrected_energy_per_atom', 'xas', 'dos_energy_down', 'deprecated', 'last_updated', 'formula_anonymous', 'e_ionic', 'equilibrium_reaction_energy_per_atom', 'possible_species', 'universal_anisotropy', 'bandstructure', 'phonon_IDs', 'is_magnetic', 'chemsys', 'has_reconstructed', 'e_electronic', 'builder_meta', 'types_of_magnetic_species', 'efermi', 'composition_reduced', 'total_magnetization_normalized_formula_units', 'has_props', 'energy_per_atom']",[],0.309426373877638,0.38526984717408735,0.3473481105258627,0.9230823998196217,0.9230823998196217,As,"shared elements: As; composition descriptor score: 0.39; close database properties: band_gap, density, formation_energy_per_atom, energy_above_hull",mp-2534,GaAs,properties,Relative similarity score; not a probability.
"['Al', 'Gd', 'Ru']",4.985312526665598,26,mp-aaacpwrh,0.0,True,True,419.1593286235605,-0.5638913830769223,0.0,Gd(Al5Ru)2,3,"['weighted_work_function', 'database_IDs', 'weighted_surface_energy_EV_PER_ANG2', 'deprecation_reasons', 'e_total', 'num_unique_magnetic_sites', 'cbm', 'dos', 'shear_modulus', 'warnings', 'weighted_surface_energy', 'is_gap_direct', 'task_ids', 'shape_factor', 'decomposes_to', 'num_magnetic_sites', 'theoretical', 'density_atomic', 'symmetry', 'homogeneous_poisson', 'grain_boundaries', 'total_magnetization_normalized_vol', 'ordering', 'property_name', 'dos_energy_up', 'origins', 'total_magnetization', 'structure', 'prop_origins', 'vbm', 'composition', 'n', 'surface_anisotropy', 'e_ij_max', 'bulk_modulus', 'uncorrected_energy_per_atom', 'xas', 'dos_energy_down', 'deprecated', 'last_updated', 'formula_anonymous', 'e_ionic', 'equilibrium_reaction_energy_per_atom', 'possible_species', 'universal_anisotropy', 'bandstructure', 'phonon_IDs', 'is_magnetic', 'chemsys', 'has_reconstructed', 'e_electronic', 'builder_meta', 'types_of_magnetic_species', 'efermi', 'composition_reduced', 'total_magnetization_normalized_formula_units', 'has_props', 'energy_per_atom']",[],0.0,0.4135121390986442,0.2067560695493221,0.9216253575463675,0.9216253575463675,none,"shared elements: none; composition descriptor score: 0.41; close database properties: band_gap, density, formation_energy_per_atom, energy_above_hull",mp-2534,GaAs,properties,Relative similarity score; not a probability.
"['I', 'W']",5.491112120536817,62,mp-aaacqndb,0.0716000000000001,False,False,2637.6086027634087,-0.4296895341129023,0.008332199260753,W15I47,2,"['weighted_work_function', 'database_IDs', 'weighted_surface_energy_EV_PER_ANG2', 'deprecation_reasons', 'e_total', 'num_unique_magnetic_sites', 'cbm', 'dos', 'shear_modulus', 'warnings', 'weighted_surface_energy', 'is_gap_direct', 'task_ids', 'shape_factor', 'decomposes_to', 'num_magnetic_sites', 'theoretical', 'density_atomic', 'symmetry', 'homogeneous_poisson', 'grain_boundaries', 'total_magnetization_normalized_vol', 'ordering', 'property_name', 'dos_energy_up', 'origins', 'total_magnetization', 'structure', 'prop_origins', 'vbm', 'composition', 'n', 'surface_anisotropy', 'e_ij_max', 'bulk_modulus', 'uncorrected_energy_per_atom', 'xas', 'dos_energy_down', 'deprecated', 'last_updated', 'formula_anonymous', 'e_ionic', 'equilibrium_reaction_energy_per_atom', 'possible_species', 'universal_anisotropy', 'bandstructure', 'phonon_IDs', 'is_magnetic', 'chemsys', 'has_reconstructed', 'e_electronic', 'builder_meta', 'types_of_magnetic_species', 'efermi', 'composition_reduced', 'total_magnetization_normalized_formula_units', 'has_props', 'energy_per_atom']",[],0.0,0.44806032242101157,0.22403016121050578,0.9207196192778108,0.9207196192778108,none,"shared elements: none; composition descriptor score: 0.45; close database properties: band_gap, density, formation_energy_per_atom, energy_above_hull",mp-2534,GaAs,properties,Relative similarity score; not a probability.
"['Ag', 'Ca', 'Sn']",4.789920623873326,4,mp-aaabxjrb,0.0,True,True,106.33665208047736,-0.532931791666666,0.0,Ca2AgSn,3,"['weighted_work_function', 'database_IDs', 'weighted_surface_energy_EV_PER_ANG2', 'deprecation_reasons', 'e_total', 'num_unique_magnetic_sites', 'cbm', 'dos', 'shear_modulus', 'warnings', 'weighted_surface_energy', 'is_gap_direct', 'task_ids', 'shape_factor', 'decomposes_to', 'num_magnetic_sites', 'theoretical', 'density_atomic', 'symmetry', 'homogeneous_poisson', 'grain_boundaries', 'total_magnetization_normalized_vol', 'ordering', 'property_name', 'dos_energy_up', 'origins', 'total_magnetization', 'structure', 'prop_origins', 'vbm', 'composition', 'n', 'surface_anisotropy', 'e_ij_max', 'bulk_modulus', 'uncorrected_energy_per_atom', 'xas', 'dos_energy_down', 'deprecated', 'last_updated', 'formula_anonymous', 'e_ionic', 'equilibrium_reaction_energy_per_atom', 'possible_species', 'universal_anisotropy', 'bandstructure', 'phonon_IDs', 'is_magnetic', 'chemsys', 'has_reconstructed', 'e_electronic', 'builder_meta', 'types_of_magnetic_species', 'efermi', 'composition_reduced', 'total_magnetization_normalized_formula_units', 'has_props', 'energy_per_atom']",[],0.0,0.4317364797881818,0.2158682398940909,0.9190502694554213,0.9190502694554213,none,"shared elements: none; composition descriptor score: 0.43; close database properties: band_gap, density, formation_energy_per_atom, energy_above_hull",mp-2534,GaAs,properties,Relative similarity score; not a probability.
"['Ca', 'Ge', 'Ni']",4.734886453565439,22,mp-aaacpvub,0.0,True,True,429.96585377469273,-0.5218469240909094,0.0,Ca4Ni4Ge3,3,"['weighted_work_function', 'database_IDs', 'weighted_surface_energy_EV_PER_ANG2', 'deprecation_reasons', 'e_total', 'num_unique_magnetic_sites', 'cbm', 'dos', 'shear_modulus', 'warnings', 'weighted_surface_energy', 'is_gap_direct', 'task_ids', 'shape_factor', 'decomposes_to', 'num_magnetic_sites', 'theoretical', 'density_atomic', 'symmetry', 'homogeneous_poisson', 'grain_boundaries', 'total_magnetization_normalized_vol', 'ordering', 'property_name', 'dos_energy_up', 'origins', 'total_magnetization', 'structure', 'prop_origins', 'vbm', 'composition', 'n', 'surface_anisotropy', 'e_ij_max', 'bulk_modulus', 'uncorrected_energy_per_atom', 'xas', 'dos_energy_down', 'deprecated', 'last_updated', 'formula_anonymous', 'e_ionic', 'equilibrium_reaction_energy_per_atom', 'possible_species', 'universal_anisotropy', 'bandstructure', 'phonon_IDs', 'is_magnetic', 'chemsys', 'has_reconstructed', 'e_electronic', 'builder_meta', 'types_of_magnetic_species', 'efermi', 'composition_reduced', 'total_magnetization_normalized_formula_units', 'has_props', 'energy_per_atom']",[],0.0,0.46592645229195345,0.23296322614597673,0.9164801544258885,0.9164801544258885,none,"shared elements: none; composition descriptor score: 0.47; close database properties: band_gap, density, formation_energy_per_atom, energy_above_hull",mp-2534,GaAs,properties,Relative similarity score; not a probability.
