profile,known_analog_formula,sample_count,best_rank,best_similarity_score,best_material_id
composition,AlAs,0,,,
composition,AlP,1,280.0,0.31322011537979483,mp-aaacetsb
composition,GaP,1,17.0,0.5741296903217012,mp-aaacfyil
composition,GaSb,0,,,
composition,InAs,1,15.0,0.5803666387689996,mp-aaacfipw
composition,InP,0,,,
properties,AlAs,0,,,
properties,AlP,1,8855.0,0.3856471687319832,mp-aaacetsb
properties,GaP,1,805.0,0.7247942198605122,mp-aaacfyil
properties,GaSb,0,,,
properties,InAs,1,42.0,0.9026061138692254,mp-aaacfipw
properties,InP,0,,,
combined,AlAs,0,,,
combined,AlP,1,5470.0,0.349433642055889,mp-aaacetsb
combined,GaP,1,26.0,0.6494619550911067,mp-aaacfyil
combined,GaSb,0,,,
combined,InAs,1,2.0,0.7414863763191125,mp-aaacfipw
combined,InP,0,,,
